date,holiday_name
2024-01-01,New Year's Day
2024-01-15,Pongal
2024-01-16,Thiruvalluvar Day
2024-01-17,Uzhavar Thirunal
2024-01-25,Thaipoosam
2024-01-26,Republic Day
2024-03-29,Good Friday
2024-04-01,Bank Annual Account Closing
2024-04-09,Telugu New Year's Day
2024-04-11,Ramzan
2024-04-14,Tamil New Year's Day / Dr. B.R. Ambedkar's Birthday
2024-04-21,Mahaveer Jayanthi
2024-05-01,May Day
2024-06-17,Bakrid
2024-07-17,Muharram
2024-08-15,Independence Day
2024-08-26,Krishna Jayanthi
2024-09-07,Vinayakar Chathurthi
2024-09-16,Milad-un-Nabi
2024-10-02,Gandhi Jayanthi
2024-10-11,Ayutha Pooja
2024-10-12,Vijaya Dasami
2024-10-31,Deepavali
2024-12-25,Christmas
2025-01-01,New Year's Day
2025-01-14,Pongal
2025-01-15,Thiruvalluvar Day
2025-01-16,Uzhavar Thirunal
2025-01-26,Republic Day
2025-02-11,Thaipoosam
2025-03-30,Telugu New Year's Day
2025-03-31,Ramzan
2025-04-01,Bank Annual Account Closing
2025-04-10,Mahaveer Jayanthi
2025-04-14,Tamil New Year's Day / Dr. B.R. Ambedkar's Birthday
2025-04-18,Good Friday
2025-05-01,May Day
2025-06-07,Bakrid
2025-07-06,Muharram
2025-08-15,Independence Day
2025-08-16,Krishna Jayanthi
2025-08-27,Vinayakar Chathurthi
2025-09-05,Milad-un-Nabi
2025-10-01,Ayutha Pooja
2025-10-02,Vijaya Dasami / Gandhi Jayanthi
2025-10-20,Deepavali
2025-12-25,Christmas
2026-01-01,New Year's Day
2026-01-14,Pongal
2026-01-15,Thiruvalluvar Day
2026-01-16,Uzhavar Thirunal
2026-01-26,Republic Day
2026-02-01,Thaipoosam
2026-03-20,Telugu New Year's Day
2026-03-21,Ramzan
2026-04-01,Bank Annual Account Closing
2026-04-03,Good Friday
2026-04-14,Tamil New Year's Day / Dr. B.R. Ambedkar's Birthday
2026-04-30,Mahaveer Jayanthi
2026-05-01,May Day
2026-05-28,Bakrid
2026-06-26,Muharram
2026-08-15,Independence Day
2026-08-26,Milad-un-Nabi
2026-09-03,Krishna Jayanthi
2026-09-14,Vinayakar Chathurthi
2026-10-02,Gandhi Jayanthi
2026-10-19,Ayutha Pooja
2026-10-20,Vijaya Dasami
2026-11-08,Deepavali
2026-12-25,Christmas