service_id,direction,departure_time
S45,OUTBOUND,06:25
S45,OUTBOUND,08:25
S45,OUTBOUND,08:55
S45,OUTBOUND,09:25
S45,OUTBOUND,09:55
S45,OUTBOUND,10:25
S45,OUTBOUND,10:55
S45,OUTBOUND,11:25
S45,OUTBOUND,13:25
S45,OUTBOUND,15:25
S45,OUTBOUND,17:10
S45,OUTBOUND,18:25
S45,OUTBOUND,19:25
S45,OUTBOUND,20:25
S45,INBOUND,06:55
S45,INBOUND,08:55
S45,INBOUND,09:25
S45,INBOUND,09:55
S45,INBOUND,10:25
S45,INBOUND,10:55
S45,INBOUND,11:25
S45,INBOUND,11:55
S45,INBOUND,13:55
S45,INBOUND,15:55
S45,INBOUND,17:40
S45,INBOUND,18:55
S45,INBOUND,19:55
S45,INBOUND,20:55
S57,OUTBOUND,05:25
S57,OUTBOUND,06:25
S57,OUTBOUND,07:25
S57,OUTBOUND,08:25
S57,OUTBOUND,08:55
S57,OUTBOUND,09:25
S57,OUTBOUND,09:55
S57,OUTBOUND,10:25
S57,OUTBOUND,10:55
S57,OUTBOUND,11:25
S57,OUTBOUND,12:25
S57,OUTBOUND,13:25
S57,OUTBOUND,14:25
S57,OUTBOUND,15:25
S57,OUTBOUND,16:25
S57,OUTBOUND,17:25
S57,OUTBOUND,18:25
S57,OUTBOUND,19:25
S57,OUTBOUND,20:25
S57,INBOUND,05:55
S57,INBOUND,06:55
S57,INBOUND,07:55
S57,INBOUND,08:55
S57,INBOUND,09:25
S57,INBOUND,09:55
S57,INBOUND,10:25
S57,INBOUND,10:55
S57,INBOUND,11:25
S57,INBOUND,11:55
S57,INBOUND,12:55
S57,INBOUND,13:55
S57,INBOUND,14:55
S57,INBOUND,15:55
S57,INBOUND,16:55
S57,INBOUND,17:55
S57,INBOUND,18:55
S57,INBOUND,19:55
S57,INBOUND,20:55
S33A,OUTBOUND,06:00
S33A,OUTBOUND,07:00
S33A,OUTBOUND,08:00
S33A,OUTBOUND,08:30
S33A,OUTBOUND,09:00
S33A,OUTBOUND,09:30
S33A,OUTBOUND,10:00
S33A,OUTBOUND,11:00
S33A,OUTBOUND,12:00
S33A,OUTBOUND,13:00
S33A,OUTBOUND,14:00
S33A,OUTBOUND,15:00
S33A,OUTBOUND,16:00
S33A,OUTBOUND,17:00
S33A,OUTBOUND,17:30
S33A,OUTBOUND,18:00
S33A,OUTBOUND,18:30
S33A,OUTBOUND,19:00
S33A,OUTBOUND,19:30
S33A,OUTBOUND,20:00
S33A,INBOUND,06:30
S33A,INBOUND,07:30
S33A,INBOUND,08:30
S33A,INBOUND,09:00
S33A,INBOUND,09:30
S33A,INBOUND,10:00
S33A,INBOUND,10:30
S33A,INBOUND,11:30
S33A,INBOUND,12:30
S33A,INBOUND,13:30
S33A,INBOUND,14:30
S33A,INBOUND,15:30
S33A,INBOUND,16:30
S33A,INBOUND,17:30
S33A,INBOUND,18:00
S33A,INBOUND,18:30
S33A,INBOUND,19:00
S33A,INBOUND,19:30
S33A,INBOUND,20:00
S33A,INBOUND,20:30
S48,OUTBOUND,04:45
S48,OUTBOUND,05:45
S48,OUTBOUND,06:45
S48,OUTBOUND,07:45
S48,OUTBOUND,08:15
S48,OUTBOUND,08:45
S48,OUTBOUND,09:15
S48,OUTBOUND,09:45
S48,OUTBOUND,10:15
S48,OUTBOUND,10:45
S48,OUTBOUND,11:15
S48,OUTBOUND,12:15
S48,OUTBOUND,13:15
S48,OUTBOUND,14:15
S48,OUTBOUND,15:15
S48,OUTBOUND,16:15
S48,OUTBOUND,16:45
S48,OUTBOUND,17:15
S48,OUTBOUND,17:45
S48,OUTBOUND,18:15
S48,OUTBOUND,18:45
S48,OUTBOUND,19:15
S48,OUTBOUND,19:45
S48,OUTBOUND,20:15
S48,INBOUND,05:15
S48,INBOUND,06:15
S48,INBOUND,07:15
S48,INBOUND,08:15
S48,INBOUND,08:45
S48,INBOUND,09:15
S48,INBOUND,09:45
S48,INBOUND,10:15
S48,INBOUND,10:45
S48,INBOUND,11:15
S48,INBOUND,11:45
S48,INBOUND,12:45
S48,INBOUND,13:45
S48,INBOUND,14:45
S48,INBOUND,15:45
S48,INBOUND,16:45
S48,INBOUND,17:15
S48,INBOUND,17:45
S48,INBOUND,18:15
S48,INBOUND,18:45
S48,INBOUND,19:15
S48,INBOUND,19:45
S48,INBOUND,20:15
S48,INBOUND,20:45
S52,OUTBOUND,06:10
S52,OUTBOUND,07:10
S52,OUTBOUND,08:10
S52,OUTBOUND,08:40
S52,OUTBOUND,09:10
S52,OUTBOUND,09:40
S52,OUTBOUND,10:10
S52,OUTBOUND,11:10
S52,OUTBOUND,12:40
S52,OUTBOUND,14:10
S52,OUTBOUND,15:40
S52,OUTBOUND,16:50
S52,OUTBOUND,17:40
S52,OUTBOUND,18:40
S52,OUTBOUND,19:40
S52,OUTBOUND,20:40
S52,INBOUND,06:40
S52,INBOUND,07:40
S52,INBOUND,08:40
S52,INBOUND,09:10
S52,INBOUND,09:40
S52,INBOUND,10:10
S52,INBOUND,10:40
S52,INBOUND,11:40
S52,INBOUND,13:10
S52,INBOUND,14:40
S52,INBOUND,16:10
S52,INBOUND,17:20
S52,INBOUND,18:10
S52,INBOUND,19:10
S52,INBOUND,20:10
S52,INBOUND,21:10
S95,OUTBOUND,05:45
S95,OUTBOUND,06:45
S95,OUTBOUND,07:45
S95,OUTBOUND,08:15
S95,OUTBOUND,08:45
S95,OUTBOUND,09:15
S95,OUTBOUND,09:45
S95,OUTBOUND,10:15
S95,OUTBOUND,11:15
S95,OUTBOUND,12:15
S95,OUTBOUND,13:15
S95,OUTBOUND,14:15
S95,OUTBOUND,15:15
S95,OUTBOUND,16:15
S95,OUTBOUND,16:45
S95,OUTBOUND,17:15
S95,OUTBOUND,17:45
S95,OUTBOUND,18:15
S95,OUTBOUND,18:45
S95,OUTBOUND,19:15
S95,OUTBOUND,19:45
S95,OUTBOUND,20:45
S95,INBOUND,06:15
S95,INBOUND,07:15
S95,INBOUND,08:15
S95,INBOUND,08:45
S95,INBOUND,09:15
S95,INBOUND,09:45
S95,INBOUND,10:15
S95,INBOUND,10:45
S95,INBOUND,11:45
S95,INBOUND,12:45
S95,INBOUND,13:45
S95,INBOUND,14:45
S95,INBOUND,15:45
S95,INBOUND,16:45
S95,INBOUND,17:15
S95,INBOUND,17:45
S95,INBOUND,18:15
S95,INBOUND,18:45
S95,INBOUND,19:15
S95,INBOUND,19:45
S95,INBOUND,20:15
S95,INBOUND,21:15
S1A,OUTBOUND,05:30
S1A,OUTBOUND,06:30
S1A,OUTBOUND,07:30
S1A,OUTBOUND,08:10
S1A,OUTBOUND,08:40
S1A,OUTBOUND,09:10
S1A,OUTBOUND,09:40
S1A,OUTBOUND,10:30
S1A,OUTBOUND,11:30
S1A,OUTBOUND,12:30
S1A,OUTBOUND,13:30
S1A,OUTBOUND,14:30
S1A,OUTBOUND,15:30
S1A,OUTBOUND,16:30
S1A,OUTBOUND,17:10
S1A,OUTBOUND,17:40
S1A,OUTBOUND,18:10
S1A,OUTBOUND,18:40
S1A,OUTBOUND,19:30
S1A,OUTBOUND,20:30
S1A,INBOUND,06:00
S1A,INBOUND,07:00
S1A,INBOUND,08:00
S1A,INBOUND,08:40
S1A,INBOUND,09:10
S1A,INBOUND,09:40
S1A,INBOUND,10:10
S1A,INBOUND,11:00
S1A,INBOUND,12:00
S1A,INBOUND,13:00
S1A,INBOUND,14:00
S1A,INBOUND,15:00
S1A,INBOUND,16:00
S1A,INBOUND,17:00
S1A,INBOUND,17:40
S1A,INBOUND,18:10
S1A,INBOUND,18:40
S1A,INBOUND,19:10
S1A,INBOUND,20:00
S1A,INBOUND,21:00
S109,OUTBOUND,06:10
S109,OUTBOUND,07:25
S109,OUTBOUND,08:40
S109,OUTBOUND,10:10
S109,OUTBOUND,11:50
S109,OUTBOUND,13:30
S109,OUTBOUND,15:10
S109,OUTBOUND,16:50
S109,OUTBOUND,18:20
S109,OUTBOUND,20:00
S109,INBOUND,06:50
S109,INBOUND,08:05
S109,INBOUND,09:20
S109,INBOUND,10:50
S109,INBOUND,12:30
S109,INBOUND,14:10
S109,INBOUND,15:50
S109,INBOUND,17:30
S109,INBOUND,19:00
S109,INBOUND,20:40
S3B,OUTBOUND,06:15
S3B,OUTBOUND,07:30
S3B,OUTBOUND,08:45
S3B,OUTBOUND,10:15
S3B,OUTBOUND,12:00
S3B,OUTBOUND,14:30
S3B,OUTBOUND,16:15
S3B,OUTBOUND,17:45
S3B,OUTBOUND,19:30
S3B,INBOUND,06:50
S3B,INBOUND,08:05
S3B,INBOUND,09:20
S3B,INBOUND,10:50
S3B,INBOUND,12:35
S3B,INBOUND,15:05
S3B,INBOUND,16:50
S3B,INBOUND,18:20
S3B,INBOUND,20:05
S25,OUTBOUND,06:40
S25,OUTBOUND,08:10
S25,OUTBOUND,09:40
S25,OUTBOUND,11:20
S25,OUTBOUND,13:40
S25,OUTBOUND,15:50
S25,OUTBOUND,17:20
S25,OUTBOUND,18:50
S25,INBOUND,07:15
S25,INBOUND,08:45
S25,INBOUND,10:15
S25,INBOUND,11:55
S25,INBOUND,14:15
S25,INBOUND,16:25
S25,INBOUND,17:55
S25,INBOUND,19:25
S91,OUTBOUND,06:30
S91,OUTBOUND,07:45
S91,OUTBOUND,09:00
S91,OUTBOUND,10:30
S91,OUTBOUND,12:15
S91,OUTBOUND,14:45
S91,OUTBOUND,16:30
S91,OUTBOUND,18:00
S91,OUTBOUND,19:45
S91,INBOUND,07:05
S91,INBOUND,08:20
S91,INBOUND,09:35
S91,INBOUND,11:05
S91,INBOUND,12:50
S91,INBOUND,15:20
S91,INBOUND,17:05
S91,INBOUND,18:35
S91,INBOUND,20:20
S4B,OUTBOUND,05:50
S4B,OUTBOUND,07:15
S4B,OUTBOUND,08:35
S4B,OUTBOUND,10:05
S4B,OUTBOUND,11:45
S4B,OUTBOUND,13:15
S4B,OUTBOUND,15:30
S4B,OUTBOUND,17:00
S4B,OUTBOUND,18:30
S4B,OUTBOUND,20:15
S4B,INBOUND,06:25
S4B,INBOUND,07:50
S4B,INBOUND,09:10
S4B,INBOUND,10:40
S4B,INBOUND,12:20
S4B,INBOUND,13:50
S4B,INBOUND,16:05
S4B,INBOUND,17:35
S4B,INBOUND,19:05
S4B,INBOUND,20:50
S13B,OUTBOUND,06:00
S13B,OUTBOUND,07:20
S13B,OUTBOUND,08:40
S13B,OUTBOUND,10:00
S13B,OUTBOUND,11:30
S13B,OUTBOUND,13:00
S13B,OUTBOUND,14:40
S13B,OUTBOUND,16:20
S13B,OUTBOUND,17:50
S13B,OUTBOUND,19:20
S13B,OUTBOUND,20:50
S13B,INBOUND,06:35
S13B,INBOUND,07:55
S13B,INBOUND,09:15
S13B,INBOUND,10:35
S13B,INBOUND,12:05
S13B,INBOUND,13:35
S13B,INBOUND,15:15
S13B,INBOUND,16:55
S13B,INBOUND,18:25
S13B,INBOUND,19:55
S13B,INBOUND,21:25
S75,OUTBOUND,06:20
S75,OUTBOUND,07:50
S75,OUTBOUND,09:20
S75,OUTBOUND,11:00
S75,OUTBOUND,13:10
S75,OUTBOUND,15:20
S75,OUTBOUND,17:10
S75,OUTBOUND,18:40
S75,OUTBOUND,20:20
S75,INBOUND,06:55
S75,INBOUND,08:25
S75,INBOUND,09:55
S75,INBOUND,11:35
S75,INBOUND,13:45
S75,INBOUND,15:55
S75,INBOUND,17:45
S75,INBOUND,19:15
S75,INBOUND,20:55
S64,OUTBOUND,06:00
S64,OUTBOUND,07:30
S64,OUTBOUND,09:00
S64,OUTBOUND,10:45
S64,OUTBOUND,12:30
S64,OUTBOUND,14:15
S64,OUTBOUND,16:00
S64,OUTBOUND,17:30
S64,OUTBOUND,19:00
S64,OUTBOUND,20:30
S64,INBOUND,06:35
S64,INBOUND,08:05
S64,INBOUND,09:35
S64,INBOUND,11:20
S64,INBOUND,13:05
S64,INBOUND,14:50
S64,INBOUND,16:35
S64,INBOUND,18:05
S64,INBOUND,19:35
S64,INBOUND,21:05
S1,OUTBOUND,06:15
S1,OUTBOUND,08:00
S1,OUTBOUND,10:15
S1,OUTBOUND,13:00
S1,OUTBOUND,16:30
S1,OUTBOUND,18:15
S1,OUTBOUND,20:00
S1,INBOUND,06:50
S1,INBOUND,08:35
S1,INBOUND,10:50
S1,INBOUND,13:35
S1,INBOUND,17:05
S1,INBOUND,18:50
S1,INBOUND,20:35
