service_id,stop_order,stop_id,cumulative_distance_km,duration_from_start_min
S1,1,ST001,0.0,0.0
S1,2,ST014,0.22,1.8
S1,3,ST013,0.67,4.2
S1,4,ST012,0.96,6.2
S1,5,ST011,1.26,8.2
S1,6,ST009,1.92,11.2
S1,7,ST008,2.37,13.7
S1,8,ST007,2.86,16.2
S1,9,ST051,3.41,18.9
S1,10,ST002,4.53,23.1
S1,11,ST052,6.14,28.7
S1,12,ST053,6.83,31.8
S1,13,ST077,9.09,39.2
S1,14,ST078,9.85,42.5
S1,15,ST079,10.61,45.7
S1,16,ST080,11.37,49.0
S1,17,ST081,12.13,52.3
S1,18,ST082,12.89,55.6
S1,19,ST083,13.65,58.8
S1,20,ST084,14.71,62.9
S1,21,ST058,20.99,81.3
S1,22,ST085,28.32,102.4
S1,23,ST086,29.56,107.0
S1,24,ST087,30.79,111.6
S1,25,ST088,32.02,116.1
S1,26,ST089,33.25,120.7
S1,27,ST090,34.48,125.2
S1,28,ST091,36.15,131.0
S1,29,ST092,37.74,136.5
S1,30,ST093,39.34,142.1
S109,1,ST001,0.0,0.0
S109,2,ST014,0.22,1.8
S109,3,ST050,4.17,13.8
S109,4,ST011,7.49,24.0
S109,5,ST009,8.15,27.0
S109,6,ST008,8.6,29.5
S109,7,ST007,9.09,32.0
S109,8,ST051,9.64,34.7
S109,9,ST002,10.76,38.9
S109,10,ST052,12.37,44.5
S109,11,ST053,13.05,47.6
S109,12,ST054,13.88,51.1
S109,13,ST055,14.57,54.1
S109,14,ST056,15.25,57.2
S109,15,ST057,16.06,60.6
S109,16,ST016,25.13,86.5
S109,17,ST017,25.71,89.3
S109,18,ST018,26.3,92.1
S109,19,ST019,26.88,94.9
S109,20,ST020,27.47,97.7
S109,21,ST021,28.05,100.5
S109,22,ST022,28.64,103.3
S109,23,ST023,29.23,106.1
S109,24,ST024,29.81,108.9
S109,25,ST025,30.4,111.7
S109,26,ST026,30.98,114.5
S109,27,ST027,31.57,117.3
S109,28,ST028,32.15,120.1
S109,29,ST029,32.74,122.9
S109,30,ST030,33.32,125.7
S109,31,ST031,33.91,128.5
S109,32,ST032,34.49,131.3
S109,33,ST033,35.22,134.5
S109,34,ST034,35.95,137.7
S109,35,ST035,36.68,140.8
S109,36,ST036,37.41,144.0
S109,37,ST037,38.15,147.2
S109,38,ST038,38.88,150.4
S109,39,ST039,39.7,153.9
S109,40,ST040,40.72,157.8
S109,41,ST041,41.74,161.8
S109,42,ST042,42.79,165.9
S109,43,ST043,43.56,169.2
S109,44,ST044,44.17,172.1
S109,45,ST045,44.79,174.9
S109,46,ST046,45.26,177.4
S109,47,ST047,45.73,179.9
S109,48,ST048,46.2,182.4
S109,49,ST049,46.67,184.9
S13B,1,ST002,0.0,0.0
S13B,2,ST003,0.51,2.6
S13B,3,ST004,0.83,4.7
S13B,4,ST005,1.15,6.7
S13B,5,ST007,1.7,9.4
S13B,6,ST008,2.19,12.0
S13B,7,ST009,2.64,14.4
S13B,8,ST010,3.05,16.7
S13B,9,ST011,3.31,18.6
S13B,10,ST012,3.62,20.7
S13B,11,ST013,3.9,22.6
S13B,12,ST014,4.35,25.1
S13B,13,ST015,4.57,26.9
S13B,14,ST016,5.2,29.8
S13B,15,ST017,5.78,32.6
S13B,16,ST018,6.37,35.4
S13B,17,ST019,6.95,38.2
S13B,18,ST020,7.54,41.0
S13B,19,ST021,8.12,43.8
S13B,20,ST022,8.71,46.6
S13B,21,ST023,9.29,49.3
S13B,22,ST024,9.88,52.1
S13B,23,ST025,10.46,54.9
S13B,24,ST026,11.05,57.7
S13B,25,ST027,11.63,60.5
S13B,26,ST028,12.22,63.3
S13B,27,ST029,12.8,66.1
S13B,28,ST030,13.39,68.9
S13B,29,ST031,13.97,71.7
S13B,30,ST032,14.56,74.5
S13B,31,ST033,15.29,77.7
S13B,32,ST034,16.02,80.9
S13B,33,ST035,16.75,84.1
S13B,34,ST036,17.48,87.3
S13B,35,ST037,18.21,90.5
S13B,36,ST038,18.95,93.7
S13B,37,ST039,19.76,97.1
S13B,38,ST040,20.79,101.1
S13B,39,ST041,21.81,105.1
S13B,40,ST042,22.86,109.2
S13B,41,ST043,23.62,112.4
S13B,42,ST044,24.24,115.3
S13B,43,ST045,24.86,118.2
S13B,44,ST046,25.33,120.7
S13B,45,ST047,25.8,123.2
S13B,46,ST048,26.27,125.6
S13B,47,ST049,26.74,128.1
S1A,1,ST001,0.0,0.0
S1A,2,ST014,0.22,1.8
S1A,3,ST013,0.67,4.2
S1A,4,ST012,0.96,6.2
S1A,5,ST011,1.26,8.2
S1A,6,ST009,1.92,11.2
S1A,7,ST008,2.37,13.7
S1A,8,ST007,2.86,16.2
S1A,9,ST051,3.41,18.9
S1A,10,ST002,4.53,23.1
S1A,11,ST052,6.14,28.7
S1A,12,ST053,6.83,31.8
S1A,13,ST077,9.09,39.2
S1A,14,ST078,9.85,42.5
S1A,15,ST079,10.61,45.7
S1A,16,ST080,11.37,49.0
S1A,17,ST081,12.13,52.3
S1A,18,ST082,12.89,55.6
S1A,19,ST083,13.65,58.8
S1A,20,ST084,14.71,62.9
S1A,21,ST058,20.99,81.3
S1A,22,ST085,28.32,102.4
S1A,23,ST086,29.56,107.0
S1A,24,ST087,30.79,111.6
S1A,25,ST088,32.02,116.1
S1A,26,ST089,33.25,120.7
S1A,27,ST090,34.48,125.2
S1A,28,ST091,36.15,131.0
S1A,29,ST092,37.74,136.5
S1A,30,ST093,39.34,142.1
S25,1,ST005,0.0,0.0
S25,2,ST007,0.56,2.7
S25,3,ST008,1.04,5.2
S25,4,ST009,1.5,7.7
S25,5,ST010,1.9,10.0
S25,6,ST011,2.16,11.9
S25,7,ST012,2.47,13.9
S25,8,ST013,2.75,15.9
S25,9,ST014,3.2,18.3
S25,10,ST015,3.43,20.1
S25,11,ST016,4.05,23.0
S25,12,ST017,4.64,25.8
S25,13,ST018,5.22,28.6
S25,14,ST019,5.81,31.4
S25,15,ST020,6.39,34.2
S25,16,ST021,6.98,37.0
S25,17,ST022,7.56,39.8
S25,18,ST023,8.15,42.6
S25,19,ST024,8.73,45.4
S25,20,ST025,9.32,48.2
S25,21,ST026,9.9,51.0
S25,22,ST027,10.49,53.8
S25,23,ST028,11.07,56.6
S25,24,ST029,11.66,59.4
S25,25,ST030,12.24,62.2
S25,26,ST031,12.83,65.0
S25,27,ST032,13.41,67.8
S25,28,ST033,14.14,71.0
S25,29,ST034,14.87,74.2
S25,30,ST035,15.6,77.4
S25,31,ST036,16.34,80.5
S25,32,ST037,17.07,83.7
S25,33,ST038,17.8,86.9
S25,34,ST039,18.62,90.4
S25,35,ST040,19.64,94.4
S25,36,ST041,20.66,98.4
S25,37,ST042,21.72,102.4
S25,38,ST043,22.48,105.7
S25,39,ST044,23.09,108.6
S25,40,ST045,23.71,111.5
S25,41,ST046,24.18,113.9
S25,42,ST047,24.65,116.4
S25,43,ST048,25.12,118.9
S25,44,ST049,25.59,121.4
S33A,1,ST001,0.0,0.0
S33A,2,ST014,0.22,1.8
S33A,3,ST050,4.17,13.8
S33A,4,ST011,7.49,24.0
S33A,5,ST009,8.15,27.0
S33A,6,ST008,8.6,29.5
S33A,7,ST007,9.09,32.0
S33A,8,ST051,9.64,34.7
S33A,9,ST002,10.76,38.9
S33A,10,ST052,12.37,44.5
S33A,11,ST053,13.05,47.6
S33A,12,ST054,13.88,51.1
S33A,13,ST055,14.57,54.1
S33A,14,ST056,15.25,57.2
S33A,15,ST057,16.06,60.6
S33A,16,ST058,16.74,63.7
S33A,17,ST059,17.41,66.7
S33A,18,ST060,18.09,69.7
S33A,19,ST061,18.76,72.8
S33A,20,ST062,19.45,75.8
S33A,21,ST063,20.21,79.1
S33A,22,ST064,20.98,82.4
S33A,23,ST065,21.81,85.9
S33A,24,ST066,22.64,89.3
S33A,25,ST067,23.46,92.8
S33A,26,ST068,24.29,96.3
S33A,27,ST069,25.25,100.1
S33A,28,ST070,26.2,103.9
S33A,29,ST071,27.15,107.7
S33A,30,ST072,28.11,111.5
S33A,31,ST073,29.06,115.3
S33A,32,ST074,30.02,119.1
S33A,33,ST075,30.97,122.9
S33A,34,ST076,32.05,127.0
S3B,1,ST002,0.0,0.0
S3B,2,ST003,0.51,2.6
S3B,3,ST004,0.83,4.7
S3B,4,ST005,1.15,6.7
S3B,5,ST007,1.7,9.4
S3B,6,ST008,2.19,12.0
S3B,7,ST009,2.64,14.4
S3B,8,ST010,3.05,16.7
S3B,9,ST011,3.31,18.6
S3B,10,ST012,3.62,20.7
S3B,11,ST013,3.9,22.6
S3B,12,ST014,4.35,25.1
S3B,13,ST015,4.57,26.9
S3B,14,ST016,5.2,29.8
S3B,15,ST017,5.78,32.6
S3B,16,ST018,6.37,35.4
S3B,17,ST019,6.95,38.2
S3B,18,ST020,7.54,41.0
S3B,19,ST021,8.12,43.8
S3B,20,ST022,8.71,46.6
S3B,21,ST023,9.29,49.3
S3B,22,ST024,9.88,52.1
S3B,23,ST025,10.46,54.9
S3B,24,ST026,11.05,57.7
S3B,25,ST027,11.63,60.5
S3B,26,ST028,12.22,63.3
S3B,27,ST029,12.8,66.1
S3B,28,ST030,13.39,68.9
S3B,29,ST031,13.97,71.7
S3B,30,ST032,14.56,74.5
S3B,31,ST033,15.29,77.7
S3B,32,ST034,16.02,80.9
S3B,33,ST035,16.75,84.1
S3B,34,ST036,17.48,87.3
S3B,35,ST037,18.21,90.5
S3B,36,ST038,18.95,93.7
S3B,37,ST039,19.76,97.1
S3B,38,ST040,20.79,101.1
S3B,39,ST041,21.81,105.1
S3B,40,ST042,22.86,109.2
S3B,41,ST043,23.62,112.4
S3B,42,ST044,24.24,115.3
S3B,43,ST045,24.86,118.2
S3B,44,ST046,25.33,120.7
S3B,45,ST047,25.8,123.2
S3B,46,ST048,26.27,125.6
S3B,47,ST049,26.74,128.1
S45,1,ST002,0.0,0.0
S45,2,ST003,0.51,2.6
S45,3,ST004,0.83,4.7
S45,4,ST005,1.15,6.7
S45,5,ST007,1.7,9.4
S45,6,ST008,2.19,12.0
S45,7,ST009,2.64,14.4
S45,8,ST010,3.05,16.7
S45,9,ST011,3.31,18.6
S45,10,ST012,3.62,20.7
S45,11,ST013,3.9,22.6
S45,12,ST014,4.35,25.1
S45,13,ST015,4.57,26.9
S45,14,ST016,5.2,29.8
S45,15,ST017,5.78,32.6
S45,16,ST018,6.37,35.4
S45,17,ST019,6.95,38.2
S45,18,ST020,7.54,41.0
S45,19,ST021,8.12,43.8
S45,20,ST022,8.71,46.6
S45,21,ST023,9.29,49.3
S45,22,ST024,9.88,52.1
S45,23,ST025,10.46,54.9
S45,24,ST026,11.05,57.7
S45,25,ST027,11.63,60.5
S45,26,ST028,12.22,63.3
S45,27,ST029,12.8,66.1
S45,28,ST030,13.39,68.9
S45,29,ST031,13.97,71.7
S45,30,ST032,14.56,74.5
S45,31,ST033,15.29,77.7
S45,32,ST034,16.02,80.9
S45,33,ST035,16.75,84.1
S45,34,ST036,17.48,87.3
S45,35,ST037,18.21,90.5
S45,36,ST038,18.95,93.7
S45,37,ST039,19.76,97.1
S45,38,ST040,20.79,101.1
S45,39,ST041,21.81,105.1
S45,40,ST042,22.86,109.2
S45,41,ST043,23.62,112.4
S45,42,ST044,24.24,115.3
S45,43,ST045,24.86,118.2
S45,44,ST046,25.33,120.7
S45,45,ST047,25.8,123.2
S45,46,ST048,26.27,125.6
S45,47,ST049,26.74,128.1
S48,1,ST001,0.0,0.0
S48,2,ST014,0.22,1.8
S48,3,ST013,0.67,4.2
S48,4,ST012,0.96,6.2
S48,5,ST011,1.26,8.2
S48,6,ST009,1.92,11.2
S48,7,ST008,2.37,13.7
S48,8,ST007,2.86,16.2
S48,9,ST051,3.41,18.9
S48,10,ST002,4.53,23.1
S48,11,ST052,6.14,28.7
S48,12,ST053,6.83,31.8
S48,13,ST077,9.09,39.2
S48,14,ST078,9.85,42.5
S48,15,ST079,10.61,45.7
S48,16,ST080,11.37,49.0
S48,17,ST081,12.13,52.3
S48,18,ST082,12.89,55.6
S48,19,ST083,13.65,58.8
S48,20,ST084,14.71,62.9
S48,21,ST058,20.99,81.3
S48,22,ST085,28.32,102.4
S48,23,ST086,29.56,107.0
S48,24,ST087,30.79,111.6
S48,25,ST088,32.02,116.1
S48,26,ST089,33.25,120.7
S48,27,ST090,34.48,125.2
S48,28,ST091,36.15,131.0
S48,29,ST092,37.74,136.5
S48,30,ST093,39.34,142.1
S4B,1,ST002,0.0,0.0
S4B,2,ST003,0.51,2.6
S4B,3,ST004,0.83,4.7
S4B,4,ST005,1.15,6.7
S4B,5,ST007,1.7,9.4
S4B,6,ST008,2.19,12.0
S4B,7,ST009,2.64,14.4
S4B,8,ST010,3.05,16.7
S4B,9,ST011,3.31,18.6
S4B,10,ST012,3.62,20.7
S4B,11,ST013,3.9,22.6
S4B,12,ST014,4.35,25.1
S4B,13,ST015,4.57,26.9
S4B,14,ST016,5.2,29.8
S4B,15,ST017,5.78,32.6
S4B,16,ST018,6.37,35.4
S4B,17,ST019,6.95,38.2
S4B,18,ST020,7.54,41.0
S4B,19,ST021,8.12,43.8
S4B,20,ST022,8.71,46.6
S4B,21,ST023,9.29,49.3
S4B,22,ST024,9.88,52.1
S4B,23,ST025,10.46,54.9
S4B,24,ST026,11.05,57.7
S4B,25,ST027,11.63,60.5
S4B,26,ST028,12.22,63.3
S4B,27,ST029,12.8,66.1
S4B,28,ST030,13.39,68.9
S4B,29,ST031,13.97,71.7
S4B,30,ST032,14.56,74.5
S4B,31,ST033,15.29,77.7
S4B,32,ST034,16.02,80.9
S4B,33,ST035,16.75,84.1
S4B,34,ST036,17.48,87.3
S4B,35,ST037,18.21,90.5
S4B,36,ST038,18.95,93.7
S4B,37,ST039,19.76,97.1
S4B,38,ST040,20.79,101.1
S4B,39,ST041,21.81,105.1
S4B,40,ST042,22.86,109.2
S4B,41,ST043,23.62,112.4
S4B,42,ST044,24.24,115.3
S4B,43,ST045,24.86,118.2
S4B,44,ST046,25.33,120.7
S4B,45,ST047,25.8,123.2
S4B,46,ST048,26.27,125.6
S4B,47,ST049,26.74,128.1
S52,1,ST002,0.0,0.0
S52,2,ST003,0.51,2.6
S52,3,ST004,0.83,4.7
S52,4,ST005,1.15,6.7
S52,5,ST007,1.7,9.4
S52,6,ST008,2.19,12.0
S52,7,ST009,2.64,14.4
S52,8,ST010,3.05,16.7
S52,9,ST011,3.31,18.6
S52,10,ST012,3.62,20.7
S52,11,ST013,3.9,22.6
S52,12,ST014,4.35,25.1
S52,13,ST015,4.57,26.9
S52,14,ST016,5.2,29.8
S52,15,ST017,5.78,32.6
S52,16,ST018,6.37,35.4
S52,17,ST019,6.95,38.2
S52,18,ST020,7.54,41.0
S52,19,ST021,8.12,43.8
S52,20,ST022,8.71,46.6
S52,21,ST023,9.29,49.3
S52,22,ST024,9.88,52.1
S52,23,ST025,10.46,54.9
S52,24,ST026,11.05,57.7
S52,25,ST027,11.63,60.5
S52,26,ST028,12.22,63.3
S52,27,ST029,12.8,66.1
S52,28,ST030,13.39,68.9
S52,29,ST031,13.97,71.7
S52,30,ST032,14.56,74.5
S52,31,ST033,15.29,77.7
S52,32,ST034,16.02,80.9
S52,33,ST035,16.75,84.1
S52,34,ST036,17.48,87.3
S52,35,ST037,18.21,90.5
S52,36,ST038,18.95,93.7
S52,37,ST039,19.76,97.1
S52,38,ST040,20.79,101.1
S52,39,ST041,21.81,105.1
S52,40,ST042,22.86,109.2
S52,41,ST043,23.62,112.4
S52,42,ST044,24.24,115.3
S52,43,ST045,24.86,118.2
S52,44,ST046,25.33,120.7
S52,45,ST047,25.8,123.2
S52,46,ST048,26.27,125.6
S52,47,ST049,26.74,128.1
S57,1,ST002,0.0,0.0
S57,2,ST003,0.51,2.6
S57,3,ST004,0.83,4.7
S57,4,ST006,1.31,7.2
S57,5,ST005,1.63,9.2
S57,6,ST007,2.19,12.0
S57,7,ST008,2.67,14.5
S57,8,ST009,3.12,16.9
S57,9,ST010,3.53,19.2
S57,10,ST011,3.79,21.1
S57,11,ST012,4.1,23.2
S57,12,ST013,4.38,25.1
S57,13,ST014,4.83,27.6
S57,14,ST016,5.62,30.9
S57,15,ST017,6.21,33.7
S57,16,ST018,6.79,36.5
S57,17,ST019,7.38,39.3
S57,18,ST020,7.96,42.1
S57,19,ST021,8.55,44.9
S57,20,ST022,9.13,47.7
S57,21,ST023,9.72,50.5
S57,22,ST024,10.3,53.3
S57,23,ST025,10.89,56.1
S57,24,ST026,11.47,58.9
S57,25,ST027,12.06,61.7
S57,26,ST028,12.64,64.5
S57,27,ST029,13.23,67.3
S57,28,ST030,13.81,70.1
S57,29,ST031,14.4,72.9
S57,30,ST032,14.98,75.7
S57,31,ST033,15.71,78.9
S57,32,ST034,16.44,82.0
S57,33,ST035,17.18,85.2
S57,34,ST036,17.91,88.4
S57,35,ST037,18.64,91.6
S57,36,ST038,19.37,94.8
S57,37,ST039,20.19,98.3
S57,38,ST040,21.21,102.2
S57,39,ST041,22.23,106.2
S57,40,ST042,23.29,110.3
S57,41,ST043,24.05,113.6
S57,42,ST044,24.66,116.5
S57,43,ST045,25.28,119.3
S57,44,ST047,26.22,123.1
S57,45,ST048,26.69,125.6
S57,46,ST049,27.16,128.1
S64,1,ST002,0.0,0.0
S64,2,ST052,1.61,5.6
S64,3,ST053,2.3,8.7
S64,4,ST054,3.13,12.1
S64,5,ST055,3.81,15.2
S64,6,ST056,4.49,18.3
S64,7,ST057,5.3,21.7
S64,8,ST058,5.98,24.7
S64,9,ST059,6.66,27.8
S64,10,ST060,7.33,30.8
S64,11,ST061,8.01,33.8
S64,12,ST062,8.69,36.9
S64,13,ST063,9.46,40.2
S64,14,ST064,10.22,43.5
S64,15,ST065,11.05,46.9
S64,16,ST066,11.88,50.4
S64,17,ST067,12.71,53.9
S64,18,ST068,13.53,57.3
S64,19,ST069,14.49,61.1
S64,20,ST070,15.44,64.9
S64,21,ST071,16.4,68.7
S64,22,ST072,17.35,72.5
S64,23,ST073,18.3,76.3
S64,24,ST074,19.26,80.1
S64,25,ST075,20.21,83.9
S64,26,ST076,21.29,88.1
S64,27,ST058,36.6,131.0
S64,28,ST085,43.93,152.2
S64,29,ST086,45.16,156.8
S64,30,ST087,46.39,161.3
S64,31,ST088,47.62,165.9
S64,32,ST089,48.86,170.4
S64,33,ST090,50.09,175.0
S64,34,ST091,51.76,180.8
S64,35,ST092,53.35,186.3
S64,36,ST093,54.94,191.8
S75,1,ST001,0.0,0.0
S75,2,ST014,0.22,1.8
S75,3,ST050,4.17,13.8
S75,4,ST011,7.49,24.0
S75,5,ST009,8.15,27.0
S75,6,ST008,8.6,29.5
S75,7,ST007,9.09,32.0
S75,8,ST051,9.64,34.7
S75,9,ST002,10.76,38.9
S75,10,ST052,12.37,44.5
S75,11,ST053,13.05,47.6
S75,12,ST054,13.88,51.1
S75,13,ST055,14.57,54.1
S75,14,ST056,15.25,57.2
S75,15,ST057,16.06,60.6
S75,16,ST058,16.74,63.7
S75,17,ST059,17.41,66.7
S75,18,ST060,18.09,69.7
S75,19,ST061,18.76,72.8
S75,20,ST062,19.45,75.8
S75,21,ST063,20.21,79.1
S75,22,ST064,20.98,82.4
S75,23,ST065,21.81,85.9
S75,24,ST066,22.64,89.3
S75,25,ST067,23.46,92.8
S75,26,ST068,24.29,96.3
S75,27,ST069,25.25,100.1
S75,28,ST070,26.2,103.9
S75,29,ST071,27.15,107.7
S75,30,ST072,28.11,111.5
S75,31,ST073,29.06,115.3
S75,32,ST074,30.02,119.1
S75,33,ST075,30.97,122.9
S75,34,ST076,32.05,127.0
S91,1,ST002,0.0,0.0
S91,2,ST003,0.51,2.6
S91,3,ST004,0.83,4.7
S91,4,ST005,1.15,6.7
S91,5,ST007,1.7,9.4
S91,6,ST008,2.19,12.0
S91,7,ST009,2.64,14.4
S91,8,ST010,3.05,16.7
S91,9,ST011,3.31,18.6
S91,10,ST012,3.62,20.7
S91,11,ST013,3.9,22.6
S91,12,ST014,4.35,25.1
S91,13,ST015,4.57,26.9
S91,14,ST016,5.2,29.8
S91,15,ST017,5.78,32.6
S91,16,ST018,6.37,35.4
S91,17,ST019,6.95,38.2
S91,18,ST020,7.54,41.0
S91,19,ST021,8.12,43.8
S91,20,ST022,8.71,46.6
S91,21,ST023,9.29,49.3
S91,22,ST024,9.88,52.1
S91,23,ST025,10.46,54.9
S91,24,ST026,11.05,57.7
S91,25,ST027,11.63,60.5
S91,26,ST028,12.22,63.3
S91,27,ST029,12.8,66.1
S91,28,ST030,13.39,68.9
S91,29,ST031,13.97,71.7
S91,30,ST032,14.56,74.5
S91,31,ST033,15.29,77.7
S91,32,ST034,16.02,80.9
S91,33,ST035,16.75,84.1
S91,34,ST036,17.48,87.3
S91,35,ST037,18.21,90.5
S91,36,ST038,18.95,93.7
S91,37,ST039,19.76,97.1
S91,38,ST040,20.79,101.1
S91,39,ST041,21.81,105.1
S91,40,ST042,22.86,109.2
S91,41,ST043,23.62,112.4
S91,42,ST044,24.24,115.3
S91,43,ST045,24.86,118.2
S91,44,ST046,25.33,120.7
S91,45,ST047,25.8,123.2
S91,46,ST048,26.27,125.6
S91,47,ST049,26.74,128.1
S95,1,ST001,0.0,0.0
S95,2,ST014,0.22,1.8
S95,3,ST050,4.17,13.8
S95,4,ST011,7.49,24.0
S95,5,ST009,8.15,27.0
S95,6,ST008,8.6,29.5
S95,7,ST007,9.09,32.0
S95,8,ST051,9.64,34.7
S95,9,ST002,10.76,38.9
S95,10,ST052,12.37,44.5
S95,11,ST053,13.05,47.6
S95,12,ST054,13.88,51.1
S95,13,ST055,14.57,54.1
S95,14,ST056,15.25,57.2
S95,15,ST057,16.06,60.6
S95,16,ST058,16.74,63.7
S95,17,ST059,17.41,66.7
S95,18,ST060,18.09,69.7
S95,19,ST061,18.76,72.8
S95,20,ST062,19.45,75.8
S95,21,ST063,20.21,79.1
S95,22,ST064,20.98,82.4
S95,23,ST065,21.81,85.9
S95,24,ST066,22.64,89.3
S95,25,ST067,23.46,92.8
S95,26,ST068,24.29,96.3
S95,27,ST069,25.25,100.1
S95,28,ST070,26.2,103.9
S95,29,ST071,27.15,107.7
S95,30,ST072,28.11,111.5
S95,31,ST073,29.06,115.3
S95,32,ST074,30.02,119.1
S95,33,ST075,30.97,122.9
S95,34,ST076,32.05,127.0
