shape_id,service_id,shape_pt_lat,shape_pt_lon,shape_pt_sequence,shape_dist_traveled_km
SHAPE_S1,S1,11.0168,76.9672,1,0.0
SHAPE_S1,S1,11.0152,76.9678,2,0.22
SHAPE_S1,S1,11.0138,76.9682,3,0.67
SHAPE_S1,S1,11.0118,76.969,4,0.96
SHAPE_S1,S1,11.0098,76.9702,5,1.26
SHAPE_S1,S1,11.0048,76.9698,6,1.92
SHAPE_S1,S1,11.0015,76.9688,7,2.37
SHAPE_S1,S1,10.9978,76.9685,8,2.86
SHAPE_S1,S1,10.9982,76.9642,9,3.41
SHAPE_S1,S1,10.9904,76.9608,10,4.53
SHAPE_S1,S1,10.979,76.9655,11,6.14
SHAPE_S1,S1,10.974,76.967,12,6.83
SHAPE_S1,S1,10.965,76.952,13,9.09
SHAPE_S1,S1,10.96,76.949,14,9.85
SHAPE_S1,S1,10.955,76.946,15,10.61
SHAPE_S1,S1,10.95,76.943,16,11.37
SHAPE_S1,S1,10.945,76.94,17,12.13
SHAPE_S1,S1,10.94,76.937,18,12.89
SHAPE_S1,S1,10.935,76.934,19,13.65
SHAPE_S1,S1,10.928,76.93,20,14.71
SHAPE_S1,S1,10.947,76.9748,21,20.99
SHAPE_S1,S1,10.92,76.925,22,28.32
SHAPE_S1,S1,10.912,76.92,23,29.56
SHAPE_S1,S1,10.904,76.915,24,30.79
SHAPE_S1,S1,10.896,76.91,25,32.02
SHAPE_S1,S1,10.888,76.905,26,33.25
SHAPE_S1,S1,10.88,76.9,27,34.48
SHAPE_S1,S1,10.87,76.892,28,36.15
SHAPE_S1,S1,10.86,76.885,29,37.74
SHAPE_S1,S1,10.85,76.878,30,39.34
SHAPE_S109,S109,11.0168,76.9672,1,0.0
SHAPE_S109,S109,11.0152,76.9678,2,0.22
SHAPE_S109,S109,10.9855,76.963,3,4.17
SHAPE_S109,S109,11.0098,76.9702,4,7.49
SHAPE_S109,S109,11.0048,76.9698,5,8.15
SHAPE_S109,S109,11.0015,76.9688,6,8.6
SHAPE_S109,S109,10.9978,76.9685,7,9.09
SHAPE_S109,S109,10.9982,76.9642,8,9.64
SHAPE_S109,S109,10.9904,76.9608,9,10.76
SHAPE_S109,S109,10.979,76.9655,10,12.37
SHAPE_S109,S109,10.974,76.967,11,13.05
SHAPE_S109,S109,10.968,76.969,12,13.88
SHAPE_S109,S109,10.963,76.9705,13,14.57
SHAPE_S109,S109,10.958,76.972,14,15.25
SHAPE_S109,S109,10.952,76.9735,15,16.06
SHAPE_S109,S109,11.021,76.9695,16,25.13
SHAPE_S109,S109,11.025,76.9715,17,25.71
SHAPE_S109,S109,11.029,76.9735,18,26.3
SHAPE_S109,S109,11.033,76.9755,19,26.88
SHAPE_S109,S109,11.037,76.9775,20,27.47
SHAPE_S109,S109,11.041,76.9795,21,28.05
SHAPE_S109,S109,11.045,76.9815,22,28.64
SHAPE_S109,S109,11.049,76.9835,23,29.23
SHAPE_S109,S109,11.053,76.9855,24,29.81
SHAPE_S109,S109,11.057,76.9875,25,30.4
SHAPE_S109,S109,11.061,76.9895,26,30.98
SHAPE_S109,S109,11.065,76.9915,27,31.57
SHAPE_S109,S109,11.069,76.9935,28,32.15
SHAPE_S109,S109,11.073,76.9955,29,32.74
SHAPE_S109,S109,11.077,76.9975,30,33.32
SHAPE_S109,S109,11.081,76.9995,31,33.91
SHAPE_S109,S109,11.085,77.0015,32,34.49
SHAPE_S109,S109,11.09,77.004,33,35.22
SHAPE_S109,S109,11.095,77.0065,34,35.95
SHAPE_S109,S109,11.1,77.009,35,36.68
SHAPE_S109,S109,11.105,77.0115,36,37.41
SHAPE_S109,S109,11.11,77.014,37,38.15
SHAPE_S109,S109,11.115,77.0165,38,38.88
SHAPE_S109,S109,11.1205,77.0195,39,39.7
SHAPE_S109,S109,11.1275,77.023,40,40.72
SHAPE_S109,S109,11.1345,77.0265,41,41.74
SHAPE_S109,S109,11.1415,77.0305,42,42.79
SHAPE_S109,S109,11.1465,77.0335,43,43.56
SHAPE_S109,S109,11.1505,77.036,44,44.17
SHAPE_S109,S109,11.1545,77.0385,45,44.79
SHAPE_S109,S109,11.1575,77.0405,46,45.26
SHAPE_S109,S109,11.1605,77.0425,47,45.73
SHAPE_S109,S109,11.1635,77.0445,48,46.2
SHAPE_S109,S109,11.1665,77.0465,49,46.67
SHAPE_S13B,S13B,10.9904,76.9608,1,0.0
SHAPE_S13B,S13B,10.9942,76.9615,2,0.51
SHAPE_S13B,S13B,10.9965,76.9625,3,0.83
SHAPE_S13B,S13B,10.9982,76.9642,4,1.15
SHAPE_S13B,S13B,10.9978,76.9685,5,1.7
SHAPE_S13B,S13B,11.0015,76.9688,6,2.19
SHAPE_S13B,S13B,11.0048,76.9698,7,2.64
SHAPE_S13B,S13B,11.0078,76.9705,8,3.05
SHAPE_S13B,S13B,11.0098,76.9702,9,3.31
SHAPE_S13B,S13B,11.0118,76.969,10,3.62
SHAPE_S13B,S13B,11.0138,76.9682,11,3.9
SHAPE_S13B,S13B,11.0152,76.9678,12,4.35
SHAPE_S13B,S13B,11.0168,76.9672,13,4.57
SHAPE_S13B,S13B,11.021,76.9695,14,5.2
SHAPE_S13B,S13B,11.025,76.9715,15,5.78
SHAPE_S13B,S13B,11.029,76.9735,16,6.37
SHAPE_S13B,S13B,11.033,76.9755,17,6.95
SHAPE_S13B,S13B,11.037,76.9775,18,7.54
SHAPE_S13B,S13B,11.041,76.9795,19,8.12
SHAPE_S13B,S13B,11.045,76.9815,20,8.71
SHAPE_S13B,S13B,11.049,76.9835,21,9.29
SHAPE_S13B,S13B,11.053,76.9855,22,9.88
SHAPE_S13B,S13B,11.057,76.9875,23,10.46
SHAPE_S13B,S13B,11.061,76.9895,24,11.05
SHAPE_S13B,S13B,11.065,76.9915,25,11.63
SHAPE_S13B,S13B,11.069,76.9935,26,12.22
SHAPE_S13B,S13B,11.073,76.9955,27,12.8
SHAPE_S13B,S13B,11.077,76.9975,28,13.39
SHAPE_S13B,S13B,11.081,76.9995,29,13.97
SHAPE_S13B,S13B,11.085,77.0015,30,14.56
SHAPE_S13B,S13B,11.09,77.004,31,15.29
SHAPE_S13B,S13B,11.095,77.0065,32,16.02
SHAPE_S13B,S13B,11.1,77.009,33,16.75
SHAPE_S13B,S13B,11.105,77.0115,34,17.48
SHAPE_S13B,S13B,11.11,77.014,35,18.21
SHAPE_S13B,S13B,11.115,77.0165,36,18.95
SHAPE_S13B,S13B,11.1205,77.0195,37,19.76
SHAPE_S13B,S13B,11.1275,77.023,38,20.79
SHAPE_S13B,S13B,11.1345,77.0265,39,21.81
SHAPE_S13B,S13B,11.1415,77.0305,40,22.86
SHAPE_S13B,S13B,11.1465,77.0335,41,23.62
SHAPE_S13B,S13B,11.1505,77.036,42,24.24
SHAPE_S13B,S13B,11.1545,77.0385,43,24.86
SHAPE_S13B,S13B,11.1575,77.0405,44,25.33
SHAPE_S13B,S13B,11.1605,77.0425,45,25.8
SHAPE_S13B,S13B,11.1635,77.0445,46,26.27
SHAPE_S13B,S13B,11.1665,77.0465,47,26.74
SHAPE_S1A,S1A,11.0168,76.9672,1,0.0
SHAPE_S1A,S1A,11.0152,76.9678,2,0.22
SHAPE_S1A,S1A,11.0138,76.9682,3,0.67
SHAPE_S1A,S1A,11.0118,76.969,4,0.96
SHAPE_S1A,S1A,11.0098,76.9702,5,1.26
SHAPE_S1A,S1A,11.0048,76.9698,6,1.92
SHAPE_S1A,S1A,11.0015,76.9688,7,2.37
SHAPE_S1A,S1A,10.9978,76.9685,8,2.86
SHAPE_S1A,S1A,10.9982,76.9642,9,3.41
SHAPE_S1A,S1A,10.9904,76.9608,10,4.53
SHAPE_S1A,S1A,10.979,76.9655,11,6.14
SHAPE_S1A,S1A,10.974,76.967,12,6.83
SHAPE_S1A,S1A,10.965,76.952,13,9.09
SHAPE_S1A,S1A,10.96,76.949,14,9.85
SHAPE_S1A,S1A,10.955,76.946,15,10.61
SHAPE_S1A,S1A,10.95,76.943,16,11.37
SHAPE_S1A,S1A,10.945,76.94,17,12.13
SHAPE_S1A,S1A,10.94,76.937,18,12.89
SHAPE_S1A,S1A,10.935,76.934,19,13.65
SHAPE_S1A,S1A,10.928,76.93,20,14.71
SHAPE_S1A,S1A,10.947,76.9748,21,20.99
SHAPE_S1A,S1A,10.92,76.925,22,28.32
SHAPE_S1A,S1A,10.912,76.92,23,29.56
SHAPE_S1A,S1A,10.904,76.915,24,30.79
SHAPE_S1A,S1A,10.896,76.91,25,32.02
SHAPE_S1A,S1A,10.888,76.905,26,33.25
SHAPE_S1A,S1A,10.88,76.9,27,34.48
SHAPE_S1A,S1A,10.87,76.892,28,36.15
SHAPE_S1A,S1A,10.86,76.885,29,37.74
SHAPE_S1A,S1A,10.85,76.878,30,39.34
SHAPE_S25,S25,10.9982,76.9642,1,0.0
SHAPE_S25,S25,10.9978,76.9685,2,0.56
SHAPE_S25,S25,11.0015,76.9688,3,1.04
SHAPE_S25,S25,11.0048,76.9698,4,1.5
SHAPE_S25,S25,11.0078,76.9705,5,1.9
SHAPE_S25,S25,11.0098,76.9702,6,2.16
SHAPE_S25,S25,11.0118,76.969,7,2.47
SHAPE_S25,S25,11.0138,76.9682,8,2.75
SHAPE_S25,S25,11.0152,76.9678,9,3.2
SHAPE_S25,S25,11.0168,76.9672,10,3.43
SHAPE_S25,S25,11.021,76.9695,11,4.05
SHAPE_S25,S25,11.025,76.9715,12,4.64
SHAPE_S25,S25,11.029,76.9735,13,5.22
SHAPE_S25,S25,11.033,76.9755,14,5.81
SHAPE_S25,S25,11.037,76.9775,15,6.39
SHAPE_S25,S25,11.041,76.9795,16,6.98
SHAPE_S25,S25,11.045,76.9815,17,7.56
SHAPE_S25,S25,11.049,76.9835,18,8.15
SHAPE_S25,S25,11.053,76.9855,19,8.73
SHAPE_S25,S25,11.057,76.9875,20,9.32
SHAPE_S25,S25,11.061,76.9895,21,9.9
SHAPE_S25,S25,11.065,76.9915,22,10.49
SHAPE_S25,S25,11.069,76.9935,23,11.07
SHAPE_S25,S25,11.073,76.9955,24,11.66
SHAPE_S25,S25,11.077,76.9975,25,12.24
SHAPE_S25,S25,11.081,76.9995,26,12.83
SHAPE_S25,S25,11.085,77.0015,27,13.41
SHAPE_S25,S25,11.09,77.004,28,14.14
SHAPE_S25,S25,11.095,77.0065,29,14.87
SHAPE_S25,S25,11.1,77.009,30,15.6
SHAPE_S25,S25,11.105,77.0115,31,16.34
SHAPE_S25,S25,11.11,77.014,32,17.07
SHAPE_S25,S25,11.115,77.0165,33,17.8
SHAPE_S25,S25,11.1205,77.0195,34,18.62
SHAPE_S25,S25,11.1275,77.023,35,19.64
SHAPE_S25,S25,11.1345,77.0265,36,20.66
SHAPE_S25,S25,11.1415,77.0305,37,21.72
SHAPE_S25,S25,11.1465,77.0335,38,22.48
SHAPE_S25,S25,11.1505,77.036,39,23.09
SHAPE_S25,S25,11.1545,77.0385,40,23.71
SHAPE_S25,S25,11.1575,77.0405,41,24.18
SHAPE_S25,S25,11.1605,77.0425,42,24.65
SHAPE_S25,S25,11.1635,77.0445,43,25.12
SHAPE_S25,S25,11.1665,77.0465,44,25.59
SHAPE_S33A,S33A,11.0168,76.9672,1,0.0
SHAPE_S33A,S33A,11.0152,76.9678,2,0.22
SHAPE_S33A,S33A,10.9855,76.963,3,4.17
SHAPE_S33A,S33A,11.0098,76.9702,4,7.49
SHAPE_S33A,S33A,11.0048,76.9698,5,8.15
SHAPE_S33A,S33A,11.0015,76.9688,6,8.6
SHAPE_S33A,S33A,10.9978,76.9685,7,9.09
SHAPE_S33A,S33A,10.9982,76.9642,8,9.64
SHAPE_S33A,S33A,10.9904,76.9608,9,10.76
SHAPE_S33A,S33A,10.979,76.9655,10,12.37
SHAPE_S33A,S33A,10.974,76.967,11,13.05
SHAPE_S33A,S33A,10.968,76.969,12,13.88
SHAPE_S33A,S33A,10.963,76.9705,13,14.57
SHAPE_S33A,S33A,10.958,76.972,14,15.25
SHAPE_S33A,S33A,10.952,76.9735,15,16.06
SHAPE_S33A,S33A,10.947,76.9748,16,16.74
SHAPE_S33A,S33A,10.942,76.976,17,17.41
SHAPE_S33A,S33A,10.937,76.9772,18,18.09
SHAPE_S33A,S33A,10.932,76.9785,19,18.76
SHAPE_S33A,S33A,10.927,76.98,20,19.45
SHAPE_S33A,S33A,10.9215,76.982,21,20.21
SHAPE_S33A,S33A,10.916,76.984,22,20.98
SHAPE_S33A,S33A,10.91,76.986,23,21.81
SHAPE_S33A,S33A,10.904,76.988,24,22.64
SHAPE_S33A,S33A,10.898,76.99,25,23.46
SHAPE_S33A,S33A,10.892,76.992,26,24.29
SHAPE_S33A,S33A,10.885,76.994,27,25.25
SHAPE_S33A,S33A,10.878,76.996,28,26.2
SHAPE_S33A,S33A,10.871,76.998,29,27.15
SHAPE_S33A,S33A,10.864,77.0,30,28.11
SHAPE_S33A,S33A,10.857,77.002,31,29.06
SHAPE_S33A,S33A,10.85,77.004,32,30.02
SHAPE_S33A,S33A,10.843,77.006,33,30.97
SHAPE_S33A,S33A,10.835,77.008,34,32.05
SHAPE_S3B,S3B,10.9904,76.9608,1,0.0
SHAPE_S3B,S3B,10.9942,76.9615,2,0.51
SHAPE_S3B,S3B,10.9965,76.9625,3,0.83
SHAPE_S3B,S3B,10.9982,76.9642,4,1.15
SHAPE_S3B,S3B,10.9978,76.9685,5,1.7
SHAPE_S3B,S3B,11.0015,76.9688,6,2.19
SHAPE_S3B,S3B,11.0048,76.9698,7,2.64
SHAPE_S3B,S3B,11.0078,76.9705,8,3.05
SHAPE_S3B,S3B,11.0098,76.9702,9,3.31
SHAPE_S3B,S3B,11.0118,76.969,10,3.62
SHAPE_S3B,S3B,11.0138,76.9682,11,3.9
SHAPE_S3B,S3B,11.0152,76.9678,12,4.35
SHAPE_S3B,S3B,11.0168,76.9672,13,4.57
SHAPE_S3B,S3B,11.021,76.9695,14,5.2
SHAPE_S3B,S3B,11.025,76.9715,15,5.78
SHAPE_S3B,S3B,11.029,76.9735,16,6.37
SHAPE_S3B,S3B,11.033,76.9755,17,6.95
SHAPE_S3B,S3B,11.037,76.9775,18,7.54
SHAPE_S3B,S3B,11.041,76.9795,19,8.12
SHAPE_S3B,S3B,11.045,76.9815,20,8.71
SHAPE_S3B,S3B,11.049,76.9835,21,9.29
SHAPE_S3B,S3B,11.053,76.9855,22,9.88
SHAPE_S3B,S3B,11.057,76.9875,23,10.46
SHAPE_S3B,S3B,11.061,76.9895,24,11.05
SHAPE_S3B,S3B,11.065,76.9915,25,11.63
SHAPE_S3B,S3B,11.069,76.9935,26,12.22
SHAPE_S3B,S3B,11.073,76.9955,27,12.8
SHAPE_S3B,S3B,11.077,76.9975,28,13.39
SHAPE_S3B,S3B,11.081,76.9995,29,13.97
SHAPE_S3B,S3B,11.085,77.0015,30,14.56
SHAPE_S3B,S3B,11.09,77.004,31,15.29
SHAPE_S3B,S3B,11.095,77.0065,32,16.02
SHAPE_S3B,S3B,11.1,77.009,33,16.75
SHAPE_S3B,S3B,11.105,77.0115,34,17.48
SHAPE_S3B,S3B,11.11,77.014,35,18.21
SHAPE_S3B,S3B,11.115,77.0165,36,18.95
SHAPE_S3B,S3B,11.1205,77.0195,37,19.76
SHAPE_S3B,S3B,11.1275,77.023,38,20.79
SHAPE_S3B,S3B,11.1345,77.0265,39,21.81
SHAPE_S3B,S3B,11.1415,77.0305,40,22.86
SHAPE_S3B,S3B,11.1465,77.0335,41,23.62
SHAPE_S3B,S3B,11.1505,77.036,42,24.24
SHAPE_S3B,S3B,11.1545,77.0385,43,24.86
SHAPE_S3B,S3B,11.1575,77.0405,44,25.33
SHAPE_S3B,S3B,11.1605,77.0425,45,25.8
SHAPE_S3B,S3B,11.1635,77.0445,46,26.27
SHAPE_S3B,S3B,11.1665,77.0465,47,26.74
SHAPE_S45,S45,10.9904,76.9608,1,0.0
SHAPE_S45,S45,10.9942,76.9615,2,0.51
SHAPE_S45,S45,10.9965,76.9625,3,0.83
SHAPE_S45,S45,10.9982,76.9642,4,1.15
SHAPE_S45,S45,10.9978,76.9685,5,1.7
SHAPE_S45,S45,11.0015,76.9688,6,2.19
SHAPE_S45,S45,11.0048,76.9698,7,2.64
SHAPE_S45,S45,11.0078,76.9705,8,3.05
SHAPE_S45,S45,11.0098,76.9702,9,3.31
SHAPE_S45,S45,11.0118,76.969,10,3.62
SHAPE_S45,S45,11.0138,76.9682,11,3.9
SHAPE_S45,S45,11.0152,76.9678,12,4.35
SHAPE_S45,S45,11.0168,76.9672,13,4.57
SHAPE_S45,S45,11.021,76.9695,14,5.2
SHAPE_S45,S45,11.025,76.9715,15,5.78
SHAPE_S45,S45,11.029,76.9735,16,6.37
SHAPE_S45,S45,11.033,76.9755,17,6.95
SHAPE_S45,S45,11.037,76.9775,18,7.54
SHAPE_S45,S45,11.041,76.9795,19,8.12
SHAPE_S45,S45,11.045,76.9815,20,8.71
SHAPE_S45,S45,11.049,76.9835,21,9.29
SHAPE_S45,S45,11.053,76.9855,22,9.88
SHAPE_S45,S45,11.057,76.9875,23,10.46
SHAPE_S45,S45,11.061,76.9895,24,11.05
SHAPE_S45,S45,11.065,76.9915,25,11.63
SHAPE_S45,S45,11.069,76.9935,26,12.22
SHAPE_S45,S45,11.073,76.9955,27,12.8
SHAPE_S45,S45,11.077,76.9975,28,13.39
SHAPE_S45,S45,11.081,76.9995,29,13.97
SHAPE_S45,S45,11.085,77.0015,30,14.56
SHAPE_S45,S45,11.09,77.004,31,15.29
SHAPE_S45,S45,11.095,77.0065,32,16.02
SHAPE_S45,S45,11.1,77.009,33,16.75
SHAPE_S45,S45,11.105,77.0115,34,17.48
SHAPE_S45,S45,11.11,77.014,35,18.21
SHAPE_S45,S45,11.115,77.0165,36,18.95
SHAPE_S45,S45,11.1205,77.0195,37,19.76
SHAPE_S45,S45,11.1275,77.023,38,20.79
SHAPE_S45,S45,11.1345,77.0265,39,21.81
SHAPE_S45,S45,11.1415,77.0305,40,22.86
SHAPE_S45,S45,11.1465,77.0335,41,23.62
SHAPE_S45,S45,11.1505,77.036,42,24.24
SHAPE_S45,S45,11.1545,77.0385,43,24.86
SHAPE_S45,S45,11.1575,77.0405,44,25.33
SHAPE_S45,S45,11.1605,77.0425,45,25.8
SHAPE_S45,S45,11.1635,77.0445,46,26.27
SHAPE_S45,S45,11.1665,77.0465,47,26.74
SHAPE_S48,S48,11.0168,76.9672,1,0.0
SHAPE_S48,S48,11.0152,76.9678,2,0.22
SHAPE_S48,S48,11.0138,76.9682,3,0.67
SHAPE_S48,S48,11.0118,76.969,4,0.96
SHAPE_S48,S48,11.0098,76.9702,5,1.26
SHAPE_S48,S48,11.0048,76.9698,6,1.92
SHAPE_S48,S48,11.0015,76.9688,7,2.37
SHAPE_S48,S48,10.9978,76.9685,8,2.86
SHAPE_S48,S48,10.9982,76.9642,9,3.41
SHAPE_S48,S48,10.9904,76.9608,10,4.53
SHAPE_S48,S48,10.979,76.9655,11,6.14
SHAPE_S48,S48,10.974,76.967,12,6.83
SHAPE_S48,S48,10.965,76.952,13,9.09
SHAPE_S48,S48,10.96,76.949,14,9.85
SHAPE_S48,S48,10.955,76.946,15,10.61
SHAPE_S48,S48,10.95,76.943,16,11.37
SHAPE_S48,S48,10.945,76.94,17,12.13
SHAPE_S48,S48,10.94,76.937,18,12.89
SHAPE_S48,S48,10.935,76.934,19,13.65
SHAPE_S48,S48,10.928,76.93,20,14.71
SHAPE_S48,S48,10.947,76.9748,21,20.99
SHAPE_S48,S48,10.92,76.925,22,28.32
SHAPE_S48,S48,10.912,76.92,23,29.56
SHAPE_S48,S48,10.904,76.915,24,30.79
SHAPE_S48,S48,10.896,76.91,25,32.02
SHAPE_S48,S48,10.888,76.905,26,33.25
SHAPE_S48,S48,10.88,76.9,27,34.48
SHAPE_S48,S48,10.87,76.892,28,36.15
SHAPE_S48,S48,10.86,76.885,29,37.74
SHAPE_S48,S48,10.85,76.878,30,39.34
SHAPE_S4B,S4B,10.9904,76.9608,1,0.0
SHAPE_S4B,S4B,10.9942,76.9615,2,0.51
SHAPE_S4B,S4B,10.9965,76.9625,3,0.83
SHAPE_S4B,S4B,10.9982,76.9642,4,1.15
SHAPE_S4B,S4B,10.9978,76.9685,5,1.7
SHAPE_S4B,S4B,11.0015,76.9688,6,2.19
SHAPE_S4B,S4B,11.0048,76.9698,7,2.64
SHAPE_S4B,S4B,11.0078,76.9705,8,3.05
SHAPE_S4B,S4B,11.0098,76.9702,9,3.31
SHAPE_S4B,S4B,11.0118,76.969,10,3.62
SHAPE_S4B,S4B,11.0138,76.9682,11,3.9
SHAPE_S4B,S4B,11.0152,76.9678,12,4.35
SHAPE_S4B,S4B,11.0168,76.9672,13,4.57
SHAPE_S4B,S4B,11.021,76.9695,14,5.2
SHAPE_S4B,S4B,11.025,76.9715,15,5.78
SHAPE_S4B,S4B,11.029,76.9735,16,6.37
SHAPE_S4B,S4B,11.033,76.9755,17,6.95
SHAPE_S4B,S4B,11.037,76.9775,18,7.54
SHAPE_S4B,S4B,11.041,76.9795,19,8.12
SHAPE_S4B,S4B,11.045,76.9815,20,8.71
SHAPE_S4B,S4B,11.049,76.9835,21,9.29
SHAPE_S4B,S4B,11.053,76.9855,22,9.88
SHAPE_S4B,S4B,11.057,76.9875,23,10.46
SHAPE_S4B,S4B,11.061,76.9895,24,11.05
SHAPE_S4B,S4B,11.065,76.9915,25,11.63
SHAPE_S4B,S4B,11.069,76.9935,26,12.22
SHAPE_S4B,S4B,11.073,76.9955,27,12.8
SHAPE_S4B,S4B,11.077,76.9975,28,13.39
SHAPE_S4B,S4B,11.081,76.9995,29,13.97
SHAPE_S4B,S4B,11.085,77.0015,30,14.56
SHAPE_S4B,S4B,11.09,77.004,31,15.29
SHAPE_S4B,S4B,11.095,77.0065,32,16.02
SHAPE_S4B,S4B,11.1,77.009,33,16.75
SHAPE_S4B,S4B,11.105,77.0115,34,17.48
SHAPE_S4B,S4B,11.11,77.014,35,18.21
SHAPE_S4B,S4B,11.115,77.0165,36,18.95
SHAPE_S4B,S4B,11.1205,77.0195,37,19.76
SHAPE_S4B,S4B,11.1275,77.023,38,20.79
SHAPE_S4B,S4B,11.1345,77.0265,39,21.81
SHAPE_S4B,S4B,11.1415,77.0305,40,22.86
SHAPE_S4B,S4B,11.1465,77.0335,41,23.62
SHAPE_S4B,S4B,11.1505,77.036,42,24.24
SHAPE_S4B,S4B,11.1545,77.0385,43,24.86
SHAPE_S4B,S4B,11.1575,77.0405,44,25.33
SHAPE_S4B,S4B,11.1605,77.0425,45,25.8
SHAPE_S4B,S4B,11.1635,77.0445,46,26.27
SHAPE_S4B,S4B,11.1665,77.0465,47,26.74
SHAPE_S52,S52,10.9904,76.9608,1,0.0
SHAPE_S52,S52,10.9942,76.9615,2,0.51
SHAPE_S52,S52,10.9965,76.9625,3,0.83
SHAPE_S52,S52,10.9982,76.9642,4,1.15
SHAPE_S52,S52,10.9978,76.9685,5,1.7
SHAPE_S52,S52,11.0015,76.9688,6,2.19
SHAPE_S52,S52,11.0048,76.9698,7,2.64
SHAPE_S52,S52,11.0078,76.9705,8,3.05
SHAPE_S52,S52,11.0098,76.9702,9,3.31
SHAPE_S52,S52,11.0118,76.969,10,3.62
SHAPE_S52,S52,11.0138,76.9682,11,3.9
SHAPE_S52,S52,11.0152,76.9678,12,4.35
SHAPE_S52,S52,11.0168,76.9672,13,4.57
SHAPE_S52,S52,11.021,76.9695,14,5.2
SHAPE_S52,S52,11.025,76.9715,15,5.78
SHAPE_S52,S52,11.029,76.9735,16,6.37
SHAPE_S52,S52,11.033,76.9755,17,6.95
SHAPE_S52,S52,11.037,76.9775,18,7.54
SHAPE_S52,S52,11.041,76.9795,19,8.12
SHAPE_S52,S52,11.045,76.9815,20,8.71
SHAPE_S52,S52,11.049,76.9835,21,9.29
SHAPE_S52,S52,11.053,76.9855,22,9.88
SHAPE_S52,S52,11.057,76.9875,23,10.46
SHAPE_S52,S52,11.061,76.9895,24,11.05
SHAPE_S52,S52,11.065,76.9915,25,11.63
SHAPE_S52,S52,11.069,76.9935,26,12.22
SHAPE_S52,S52,11.073,76.9955,27,12.8
SHAPE_S52,S52,11.077,76.9975,28,13.39
SHAPE_S52,S52,11.081,76.9995,29,13.97
SHAPE_S52,S52,11.085,77.0015,30,14.56
SHAPE_S52,S52,11.09,77.004,31,15.29
SHAPE_S52,S52,11.095,77.0065,32,16.02
SHAPE_S52,S52,11.1,77.009,33,16.75
SHAPE_S52,S52,11.105,77.0115,34,17.48
SHAPE_S52,S52,11.11,77.014,35,18.21
SHAPE_S52,S52,11.115,77.0165,36,18.95
SHAPE_S52,S52,11.1205,77.0195,37,19.76
SHAPE_S52,S52,11.1275,77.023,38,20.79
SHAPE_S52,S52,11.1345,77.0265,39,21.81
SHAPE_S52,S52,11.1415,77.0305,40,22.86
SHAPE_S52,S52,11.1465,77.0335,41,23.62
SHAPE_S52,S52,11.1505,77.036,42,24.24
SHAPE_S52,S52,11.1545,77.0385,43,24.86
SHAPE_S52,S52,11.1575,77.0405,44,25.33
SHAPE_S52,S52,11.1605,77.0425,45,25.8
SHAPE_S52,S52,11.1635,77.0445,46,26.27
SHAPE_S52,S52,11.1665,77.0465,47,26.74
SHAPE_S57,S57,10.9904,76.9608,1,0.0
SHAPE_S57,S57,10.9942,76.9615,2,0.51
SHAPE_S57,S57,10.9965,76.9625,3,0.83
SHAPE_S57,S57,10.9968,76.9662,4,1.31
SHAPE_S57,S57,10.9982,76.9642,5,1.63
SHAPE_S57,S57,10.9978,76.9685,6,2.19
SHAPE_S57,S57,11.0015,76.9688,7,2.67
SHAPE_S57,S57,11.0048,76.9698,8,3.12
SHAPE_S57,S57,11.0078,76.9705,9,3.53
SHAPE_S57,S57,11.0098,76.9702,10,3.79
SHAPE_S57,S57,11.0118,76.969,11,4.1
SHAPE_S57,S57,11.0138,76.9682,12,4.38
SHAPE_S57,S57,11.0152,76.9678,13,4.83
SHAPE_S57,S57,11.021,76.9695,14,5.62
SHAPE_S57,S57,11.025,76.9715,15,6.21
SHAPE_S57,S57,11.029,76.9735,16,6.79
SHAPE_S57,S57,11.033,76.9755,17,7.38
SHAPE_S57,S57,11.037,76.9775,18,7.96
SHAPE_S57,S57,11.041,76.9795,19,8.55
SHAPE_S57,S57,11.045,76.9815,20,9.13
SHAPE_S57,S57,11.049,76.9835,21,9.72
SHAPE_S57,S57,11.053,76.9855,22,10.3
SHAPE_S57,S57,11.057,76.9875,23,10.89
SHAPE_S57,S57,11.061,76.9895,24,11.47
SHAPE_S57,S57,11.065,76.9915,25,12.06
SHAPE_S57,S57,11.069,76.9935,26,12.64
SHAPE_S57,S57,11.073,76.9955,27,13.23
SHAPE_S57,S57,11.077,76.9975,28,13.81
SHAPE_S57,S57,11.081,76.9995,29,14.4
SHAPE_S57,S57,11.085,77.0015,30,14.98
SHAPE_S57,S57,11.09,77.004,31,15.71
SHAPE_S57,S57,11.095,77.0065,32,16.44
SHAPE_S57,S57,11.1,77.009,33,17.18
SHAPE_S57,S57,11.105,77.0115,34,17.91
SHAPE_S57,S57,11.11,77.014,35,18.64
SHAPE_S57,S57,11.115,77.0165,36,19.37
SHAPE_S57,S57,11.1205,77.0195,37,20.19
SHAPE_S57,S57,11.1275,77.023,38,21.21
SHAPE_S57,S57,11.1345,77.0265,39,22.23
SHAPE_S57,S57,11.1415,77.0305,40,23.29
SHAPE_S57,S57,11.1465,77.0335,41,24.05
SHAPE_S57,S57,11.1505,77.036,42,24.66
SHAPE_S57,S57,11.1545,77.0385,43,25.28
SHAPE_S57,S57,11.1605,77.0425,44,26.22
SHAPE_S57,S57,11.1635,77.0445,45,26.69
SHAPE_S57,S57,11.1665,77.0465,46,27.16
SHAPE_S64,S64,10.9904,76.9608,1,0.0
SHAPE_S64,S64,10.979,76.9655,2,1.61
SHAPE_S64,S64,10.974,76.967,3,2.3
SHAPE_S64,S64,10.968,76.969,4,3.13
SHAPE_S64,S64,10.963,76.9705,5,3.81
SHAPE_S64,S64,10.958,76.972,6,4.49
SHAPE_S64,S64,10.952,76.9735,7,5.3
SHAPE_S64,S64,10.947,76.9748,8,5.98
SHAPE_S64,S64,10.942,76.976,9,6.66
SHAPE_S64,S64,10.937,76.9772,10,7.33
SHAPE_S64,S64,10.932,76.9785,11,8.01
SHAPE_S64,S64,10.927,76.98,12,8.69
SHAPE_S64,S64,10.9215,76.982,13,9.46
SHAPE_S64,S64,10.916,76.984,14,10.22
SHAPE_S64,S64,10.91,76.986,15,11.05
SHAPE_S64,S64,10.904,76.988,16,11.88
SHAPE_S64,S64,10.898,76.99,17,12.71
SHAPE_S64,S64,10.892,76.992,18,13.53
SHAPE_S64,S64,10.885,76.994,19,14.49
SHAPE_S64,S64,10.878,76.996,20,15.44
SHAPE_S64,S64,10.871,76.998,21,16.4
SHAPE_S64,S64,10.864,77.0,22,17.35
SHAPE_S64,S64,10.857,77.002,23,18.3
SHAPE_S64,S64,10.85,77.004,24,19.26
SHAPE_S64,S64,10.843,77.006,25,20.21
SHAPE_S64,S64,10.835,77.008,26,21.29
SHAPE_S64,S64,10.947,76.9748,27,36.6
SHAPE_S64,S64,10.92,76.925,28,43.93
SHAPE_S64,S64,10.912,76.92,29,45.16
SHAPE_S64,S64,10.904,76.915,30,46.39
SHAPE_S64,S64,10.896,76.91,31,47.62
SHAPE_S64,S64,10.888,76.905,32,48.86
SHAPE_S64,S64,10.88,76.9,33,50.09
SHAPE_S64,S64,10.87,76.892,34,51.76
SHAPE_S64,S64,10.86,76.885,35,53.35
SHAPE_S64,S64,10.85,76.878,36,54.94
SHAPE_S75,S75,11.0168,76.9672,1,0.0
SHAPE_S75,S75,11.0152,76.9678,2,0.22
SHAPE_S75,S75,10.9855,76.963,3,4.17
SHAPE_S75,S75,11.0098,76.9702,4,7.49
SHAPE_S75,S75,11.0048,76.9698,5,8.15
SHAPE_S75,S75,11.0015,76.9688,6,8.6
SHAPE_S75,S75,10.9978,76.9685,7,9.09
SHAPE_S75,S75,10.9982,76.9642,8,9.64
SHAPE_S75,S75,10.9904,76.9608,9,10.76
SHAPE_S75,S75,10.979,76.9655,10,12.37
SHAPE_S75,S75,10.974,76.967,11,13.05
SHAPE_S75,S75,10.968,76.969,12,13.88
SHAPE_S75,S75,10.963,76.9705,13,14.57
SHAPE_S75,S75,10.958,76.972,14,15.25
SHAPE_S75,S75,10.952,76.9735,15,16.06
SHAPE_S75,S75,10.947,76.9748,16,16.74
SHAPE_S75,S75,10.942,76.976,17,17.41
SHAPE_S75,S75,10.937,76.9772,18,18.09
SHAPE_S75,S75,10.932,76.9785,19,18.76
SHAPE_S75,S75,10.927,76.98,20,19.45
SHAPE_S75,S75,10.9215,76.982,21,20.21
SHAPE_S75,S75,10.916,76.984,22,20.98
SHAPE_S75,S75,10.91,76.986,23,21.81
SHAPE_S75,S75,10.904,76.988,24,22.64
SHAPE_S75,S75,10.898,76.99,25,23.46
SHAPE_S75,S75,10.892,76.992,26,24.29
SHAPE_S75,S75,10.885,76.994,27,25.25
SHAPE_S75,S75,10.878,76.996,28,26.2
SHAPE_S75,S75,10.871,76.998,29,27.15
SHAPE_S75,S75,10.864,77.0,30,28.11
SHAPE_S75,S75,10.857,77.002,31,29.06
SHAPE_S75,S75,10.85,77.004,32,30.02
SHAPE_S75,S75,10.843,77.006,33,30.97
SHAPE_S75,S75,10.835,77.008,34,32.05
SHAPE_S91,S91,10.9904,76.9608,1,0.0
SHAPE_S91,S91,10.9942,76.9615,2,0.51
SHAPE_S91,S91,10.9965,76.9625,3,0.83
SHAPE_S91,S91,10.9982,76.9642,4,1.15
SHAPE_S91,S91,10.9978,76.9685,5,1.7
SHAPE_S91,S91,11.0015,76.9688,6,2.19
SHAPE_S91,S91,11.0048,76.9698,7,2.64
SHAPE_S91,S91,11.0078,76.9705,8,3.05
SHAPE_S91,S91,11.0098,76.9702,9,3.31
SHAPE_S91,S91,11.0118,76.969,10,3.62
SHAPE_S91,S91,11.0138,76.9682,11,3.9
SHAPE_S91,S91,11.0152,76.9678,12,4.35
SHAPE_S91,S91,11.0168,76.9672,13,4.57
SHAPE_S91,S91,11.021,76.9695,14,5.2
SHAPE_S91,S91,11.025,76.9715,15,5.78
SHAPE_S91,S91,11.029,76.9735,16,6.37
SHAPE_S91,S91,11.033,76.9755,17,6.95
SHAPE_S91,S91,11.037,76.9775,18,7.54
SHAPE_S91,S91,11.041,76.9795,19,8.12
SHAPE_S91,S91,11.045,76.9815,20,8.71
SHAPE_S91,S91,11.049,76.9835,21,9.29
SHAPE_S91,S91,11.053,76.9855,22,9.88
SHAPE_S91,S91,11.057,76.9875,23,10.46
SHAPE_S91,S91,11.061,76.9895,24,11.05
SHAPE_S91,S91,11.065,76.9915,25,11.63
SHAPE_S91,S91,11.069,76.9935,26,12.22
SHAPE_S91,S91,11.073,76.9955,27,12.8
SHAPE_S91,S91,11.077,76.9975,28,13.39
SHAPE_S91,S91,11.081,76.9995,29,13.97
SHAPE_S91,S91,11.085,77.0015,30,14.56
SHAPE_S91,S91,11.09,77.004,31,15.29
SHAPE_S91,S91,11.095,77.0065,32,16.02
SHAPE_S91,S91,11.1,77.009,33,16.75
SHAPE_S91,S91,11.105,77.0115,34,17.48
SHAPE_S91,S91,11.11,77.014,35,18.21
SHAPE_S91,S91,11.115,77.0165,36,18.95
SHAPE_S91,S91,11.1205,77.0195,37,19.76
SHAPE_S91,S91,11.1275,77.023,38,20.79
SHAPE_S91,S91,11.1345,77.0265,39,21.81
SHAPE_S91,S91,11.1415,77.0305,40,22.86
SHAPE_S91,S91,11.1465,77.0335,41,23.62
SHAPE_S91,S91,11.1505,77.036,42,24.24
SHAPE_S91,S91,11.1545,77.0385,43,24.86
SHAPE_S91,S91,11.1575,77.0405,44,25.33
SHAPE_S91,S91,11.1605,77.0425,45,25.8
SHAPE_S91,S91,11.1635,77.0445,46,26.27
SHAPE_S91,S91,11.1665,77.0465,47,26.74
SHAPE_S95,S95,11.0168,76.9672,1,0.0
SHAPE_S95,S95,11.0152,76.9678,2,0.22
SHAPE_S95,S95,10.9855,76.963,3,4.17
SHAPE_S95,S95,11.0098,76.9702,4,7.49
SHAPE_S95,S95,11.0048,76.9698,5,8.15
SHAPE_S95,S95,11.0015,76.9688,6,8.6
SHAPE_S95,S95,10.9978,76.9685,7,9.09
SHAPE_S95,S95,10.9982,76.9642,8,9.64
SHAPE_S95,S95,10.9904,76.9608,9,10.76
SHAPE_S95,S95,10.979,76.9655,10,12.37
SHAPE_S95,S95,10.974,76.967,11,13.05
SHAPE_S95,S95,10.968,76.969,12,13.88
SHAPE_S95,S95,10.963,76.9705,13,14.57
SHAPE_S95,S95,10.958,76.972,14,15.25
SHAPE_S95,S95,10.952,76.9735,15,16.06
SHAPE_S95,S95,10.947,76.9748,16,16.74
SHAPE_S95,S95,10.942,76.976,17,17.41
SHAPE_S95,S95,10.937,76.9772,18,18.09
SHAPE_S95,S95,10.932,76.9785,19,18.76
SHAPE_S95,S95,10.927,76.98,20,19.45
SHAPE_S95,S95,10.9215,76.982,21,20.21
SHAPE_S95,S95,10.916,76.984,22,20.98
SHAPE_S95,S95,10.91,76.986,23,21.81
SHAPE_S95,S95,10.904,76.988,24,22.64
SHAPE_S95,S95,10.898,76.99,25,23.46
SHAPE_S95,S95,10.892,76.992,26,24.29
SHAPE_S95,S95,10.885,76.994,27,25.25
SHAPE_S95,S95,10.878,76.996,28,26.2
SHAPE_S95,S95,10.871,76.998,29,27.15
SHAPE_S95,S95,10.864,77.0,30,28.11
SHAPE_S95,S95,10.857,77.002,31,29.06
SHAPE_S95,S95,10.85,77.004,32,30.02
SHAPE_S95,S95,10.843,77.006,33,30.97
SHAPE_S95,S95,10.835,77.008,34,32.05
