service_id,service_name,start_stop_id,end_stop_id,direction,total_distance_km,estimated_journey_time_min,total_stops
S45,45,ST002,ST049,OUTBOUND,26.74,128,47
S57,57,ST002,ST049,OUTBOUND,27.16,128,46
S33A,33A,ST001,ST076,OUTBOUND,32.05,127,34
S48,48,ST001,ST093,OUTBOUND,39.34,142,30
S52,52,ST002,ST049,OUTBOUND,26.74,128,47
S95,95,ST001,ST076,OUTBOUND,32.05,127,34
S1A,1A,ST001,ST093,OUTBOUND,39.34,142,30
S109,109,ST001,ST049,OUTBOUND,46.67,185,49
S3B,3B,ST002,ST049,OUTBOUND,26.74,128,47
S25,25,ST005,ST049,OUTBOUND,25.59,121,44
S91,91,ST002,ST049,OUTBOUND,26.74,128,47
S4B,4B,ST002,ST049,OUTBOUND,26.74,128,47
S13B,13B,ST002,ST049,OUTBOUND,26.74,128,47
S75,75,ST001,ST076,OUTBOUND,32.05,127,34
S64,64,ST002,ST093,OUTBOUND,54.94,192,36
S1,S1,ST001,ST093,OUTBOUND,39.34,142,30
