segment_id,from_stop_id,to_stop_id,distance_km,typical_runtime_min
SEG001,ST002,ST003,0.507,2.6
SEG002,ST003,ST004,0.328,2.1
SEG003,ST004,ST005,0.313,2.1
SEG004,ST005,ST007,0.556,2.7
SEG005,ST007,ST008,0.487,2.5
SEG006,ST008,ST009,0.452,2.4
SEG007,ST009,ST010,0.404,2.3
SEG008,ST010,ST011,0.265,1.9
SEG009,ST011,ST012,0.305,2.0
SEG010,ST012,ST013,0.282,2.0
SEG011,ST013,ST014,0.45,2.4
SEG012,ST014,ST015,0.224,1.8
SEG013,ST015,ST016,0.626,2.9
SEG014,ST016,ST017,0.585,2.8
SEG015,ST017,ST018,0.585,2.8
SEG016,ST018,ST019,0.585,2.8
SEG017,ST019,ST020,0.585,2.8
SEG018,ST020,ST021,0.585,2.8
SEG019,ST021,ST022,0.585,2.8
SEG020,ST022,ST023,0.585,2.8
SEG021,ST023,ST024,0.585,2.8
SEG022,ST024,ST025,0.585,2.8
SEG023,ST025,ST026,0.585,2.8
SEG024,ST026,ST027,0.585,2.8
SEG025,ST027,ST028,0.585,2.8
SEG026,ST028,ST029,0.585,2.8
SEG027,ST029,ST030,0.585,2.8
SEG028,ST030,ST031,0.585,2.8
SEG029,ST031,ST032,0.585,2.8
SEG030,ST032,ST033,0.731,3.2
SEG031,ST033,ST034,0.731,3.2
SEG032,ST034,ST035,0.731,3.2
SEG033,ST035,ST036,0.731,3.2
SEG034,ST036,ST037,0.731,3.2
SEG035,ST037,ST038,0.731,3.2
SEG036,ST038,ST039,0.819,3.4
SEG037,ST039,ST040,1.023,4.0
SEG038,ST040,ST041,1.023,4.0
SEG039,ST041,ST042,1.053,4.1
SEG040,ST042,ST043,0.761,3.3
SEG041,ST043,ST044,0.616,2.9
SEG042,ST044,ST045,0.616,2.9
SEG043,ST045,ST046,0.47,2.5
SEG044,ST046,ST047,0.47,2.5
SEG045,ST047,ST048,0.47,2.5
SEG046,ST048,ST049,0.47,2.5
SEG047,ST004,ST006,0.478,2.5
SEG048,ST006,ST005,0.316,2.1
SEG049,ST014,ST016,0.792,3.4
SEG050,ST045,ST047,0.941,3.8
SEG051,ST001,ST014,0.224,1.8
SEG052,ST014,ST050,3.946,12.0
SEG053,ST050,ST011,3.321,10.3
SEG054,ST011,ST009,0.658,3.0
SEG055,ST009,ST008,0.452,2.4
SEG056,ST008,ST007,0.487,2.5
SEG057,ST007,ST051,0.556,2.7
SEG058,ST051,ST002,1.113,4.2
SEG059,ST002,ST052,1.614,5.6
SEG060,ST052,ST053,0.684,3.1
SEG061,ST053,ST054,0.828,3.5
SEG062,ST054,ST055,0.684,3.1
SEG063,ST055,ST056,0.684,3.1
SEG064,ST056,ST057,0.811,3.4
SEG065,ST057,ST058,0.677,3.0
SEG066,ST058,ST059,0.674,3.0
SEG067,ST059,ST060,0.674,3.0
SEG068,ST060,ST061,0.677,3.0
SEG069,ST061,ST062,0.684,3.1
SEG070,ST062,ST063,0.766,3.3
SEG071,ST063,ST064,0.766,3.3
SEG072,ST064,ST065,0.828,3.5
SEG073,ST065,ST066,0.828,3.5
SEG074,ST066,ST067,0.828,3.5
SEG075,ST067,ST068,0.828,3.5
SEG076,ST068,ST069,0.954,3.8
SEG077,ST069,ST070,0.954,3.8
SEG078,ST070,ST071,0.954,3.8
SEG079,ST071,ST072,0.954,3.8
SEG080,ST072,ST073,0.954,3.8
SEG081,ST073,ST074,0.954,3.8
SEG082,ST074,ST075,0.954,3.8
SEG083,ST075,ST076,1.081,4.1
SEG084,ST014,ST013,0.45,2.4
SEG085,ST013,ST012,0.282,2.0
SEG086,ST012,ST011,0.305,2.0
SEG087,ST053,ST077,2.264,7.4
SEG088,ST077,ST078,0.761,3.3
SEG089,ST078,ST079,0.761,3.3
SEG090,ST079,ST080,0.761,3.3
SEG091,ST080,ST081,0.761,3.3
SEG092,ST081,ST082,0.761,3.3
SEG093,ST082,ST083,0.761,3.3
SEG094,ST083,ST084,1.053,4.1
SEG095,ST084,ST058,6.287,18.3
SEG096,ST058,ST085,7.329,21.2
SEG097,ST085,ST086,1.232,4.6
SEG098,ST086,ST087,1.232,4.6
SEG099,ST087,ST088,1.232,4.6
SEG100,ST088,ST089,1.232,4.6
SEG101,ST089,ST090,1.232,4.6
SEG102,ST090,ST091,1.669,5.8
SEG103,ST091,ST092,1.592,5.5
SEG104,ST092,ST093,1.592,5.5
