from_stop_id,to_stop_id,direction,scheduled_trips_per_day
ST001,ST014,OUTBOUND,35
ST002,ST003,OUTBOUND,32
ST002,ST051,INBOUND,35
ST002,ST052,OUTBOUND,35
ST003,ST002,INBOUND,32
ST003,ST004,OUTBOUND,32
ST004,ST003,INBOUND,32
ST004,ST005,OUTBOUND,11
ST004,ST006,OUTBOUND,21
ST005,ST004,INBOUND,11
ST005,ST006,INBOUND,21
ST005,ST007,OUTBOUND,32
ST006,ST004,INBOUND,21
ST006,ST005,OUTBOUND,21
ST007,ST005,INBOUND,32
ST007,ST008,INBOUND,35
ST007,ST008,OUTBOUND,32
ST007,ST051,OUTBOUND,35
ST008,ST007,INBOUND,32
ST008,ST007,OUTBOUND,35
ST008,ST009,INBOUND,35
ST008,ST009,OUTBOUND,32
ST009,ST008,INBOUND,32
ST009,ST008,OUTBOUND,35
ST009,ST010,OUTBOUND,32
ST009,ST011,INBOUND,35
ST010,ST009,INBOUND,32
ST010,ST011,OUTBOUND,32
ST011,ST009,OUTBOUND,35
ST011,ST010,INBOUND,32
ST011,ST012,INBOUND,22
ST011,ST012,OUTBOUND,32
ST011,ST050,INBOUND,13
ST012,ST011,INBOUND,32
ST012,ST011,OUTBOUND,22
ST012,ST013,INBOUND,22
ST012,ST013,OUTBOUND,32
ST013,ST012,INBOUND,32
ST013,ST012,OUTBOUND,22
ST013,ST014,INBOUND,22
ST013,ST014,OUTBOUND,32
ST014,ST001,INBOUND,35
ST014,ST013,INBOUND,32
ST014,ST013,OUTBOUND,22
ST014,ST015,OUTBOUND,11
ST014,ST016,OUTBOUND,21
ST014,ST050,OUTBOUND,13
ST015,ST014,INBOUND,11
ST015,ST016,OUTBOUND,11
ST016,ST014,INBOUND,21
ST016,ST015,INBOUND,11
ST016,ST017,OUTBOUND,32
ST017,ST016,INBOUND,32
ST017,ST018,OUTBOUND,32
ST018,ST017,INBOUND,32
ST018,ST019,OUTBOUND,32
ST019,ST018,INBOUND,32
ST019,ST020,OUTBOUND,32
ST020,ST019,INBOUND,32
ST020,ST021,OUTBOUND,32
ST021,ST020,INBOUND,32
ST021,ST022,OUTBOUND,32
ST022,ST021,INBOUND,32
ST022,ST023,OUTBOUND,32
ST023,ST022,INBOUND,32
ST023,ST024,OUTBOUND,32
ST024,ST023,INBOUND,32
ST024,ST025,OUTBOUND,32
ST025,ST024,INBOUND,32
ST025,ST026,OUTBOUND,32
ST026,ST025,INBOUND,32
ST026,ST027,OUTBOUND,32
ST027,ST026,INBOUND,32
ST027,ST028,OUTBOUND,32
ST028,ST027,INBOUND,32
ST028,ST029,OUTBOUND,32
ST029,ST028,INBOUND,32
ST029,ST030,OUTBOUND,32
ST030,ST029,INBOUND,32
ST030,ST031,OUTBOUND,32
ST031,ST030,INBOUND,32
ST031,ST032,OUTBOUND,32
ST032,ST031,INBOUND,32
ST032,ST033,OUTBOUND,32
ST033,ST032,INBOUND,32
ST033,ST034,OUTBOUND,32
ST034,ST033,INBOUND,32
ST034,ST035,OUTBOUND,32
ST035,ST034,INBOUND,32
ST035,ST036,OUTBOUND,32
ST036,ST035,INBOUND,32
ST036,ST037,OUTBOUND,32
ST037,ST036,INBOUND,32
ST037,ST038,OUTBOUND,32
ST038,ST037,INBOUND,32
ST038,ST039,OUTBOUND,32
ST039,ST038,INBOUND,32
ST039,ST040,OUTBOUND,32
ST040,ST039,INBOUND,32
ST040,ST041,OUTBOUND,32
ST041,ST040,INBOUND,32
ST041,ST042,OUTBOUND,32
ST042,ST041,INBOUND,32
ST042,ST043,OUTBOUND,32
ST043,ST042,INBOUND,32
ST043,ST044,OUTBOUND,32
ST044,ST043,INBOUND,32
ST044,ST045,OUTBOUND,32
ST045,ST044,INBOUND,32
ST045,ST046,OUTBOUND,11
ST045,ST047,OUTBOUND,21
ST046,ST045,INBOUND,11
ST046,ST047,OUTBOUND,11
ST047,ST045,INBOUND,21
ST047,ST046,INBOUND,11
ST047,ST048,OUTBOUND,32
ST048,ST047,INBOUND,32
ST048,ST049,OUTBOUND,32
ST049,ST048,INBOUND,32
ST050,ST011,OUTBOUND,13
ST050,ST014,INBOUND,13
ST051,ST002,OUTBOUND,35
ST051,ST007,INBOUND,35
ST052,ST002,INBOUND,35
ST052,ST053,OUTBOUND,35
ST053,ST052,INBOUND,35
ST053,ST054,OUTBOUND,13
ST053,ST077,OUTBOUND,22
ST054,ST053,INBOUND,13
ST054,ST055,OUTBOUND,13
ST055,ST054,INBOUND,13
ST055,ST056,OUTBOUND,13
ST056,ST055,INBOUND,13
ST056,ST057,OUTBOUND,13
ST057,ST056,INBOUND,13
ST057,ST058,OUTBOUND,13
ST058,ST057,INBOUND,13
ST058,ST059,OUTBOUND,13
ST058,ST084,INBOUND,22
ST058,ST085,OUTBOUND,22
ST059,ST058,INBOUND,13
ST059,ST060,OUTBOUND,13
ST060,ST059,INBOUND,13
ST060,ST061,OUTBOUND,13
ST061,ST060,INBOUND,13
ST061,ST062,OUTBOUND,13
ST062,ST061,INBOUND,13
ST062,ST063,OUTBOUND,13
ST063,ST062,INBOUND,13
ST063,ST064,OUTBOUND,13
ST064,ST063,INBOUND,13
ST064,ST065,OUTBOUND,13
ST065,ST064,INBOUND,13
ST065,ST066,OUTBOUND,13
ST066,ST065,INBOUND,13
ST066,ST067,OUTBOUND,13
ST067,ST066,INBOUND,13
ST067,ST068,OUTBOUND,13
ST068,ST067,INBOUND,13
ST068,ST069,OUTBOUND,13
ST069,ST068,INBOUND,13
ST069,ST070,OUTBOUND,13
ST070,ST069,INBOUND,13
ST070,ST071,OUTBOUND,13
ST071,ST070,INBOUND,13
ST071,ST072,OUTBOUND,13
ST072,ST071,INBOUND,13
ST072,ST073,OUTBOUND,13
ST073,ST072,INBOUND,13
ST073,ST074,OUTBOUND,13
ST074,ST073,INBOUND,13
ST074,ST075,OUTBOUND,13
ST075,ST074,INBOUND,13
ST075,ST076,OUTBOUND,13
ST076,ST075,INBOUND,13
ST077,ST053,INBOUND,22
ST077,ST078,OUTBOUND,22
ST078,ST077,INBOUND,22
ST078,ST079,OUTBOUND,22
ST079,ST078,INBOUND,22
ST079,ST080,OUTBOUND,22
ST080,ST079,INBOUND,22
ST080,ST081,OUTBOUND,22
ST081,ST080,INBOUND,22
ST081,ST082,OUTBOUND,22
ST082,ST081,INBOUND,22
ST082,ST083,OUTBOUND,22
ST083,ST082,INBOUND,22
ST083,ST084,OUTBOUND,22
ST084,ST058,OUTBOUND,22
ST084,ST083,INBOUND,22
ST085,ST058,INBOUND,22
ST085,ST086,OUTBOUND,22
ST086,ST085,INBOUND,22
ST086,ST087,OUTBOUND,22
ST087,ST086,INBOUND,22
ST087,ST088,OUTBOUND,22
ST088,ST087,INBOUND,22
ST088,ST089,OUTBOUND,22
ST089,ST088,INBOUND,22
ST089,ST090,OUTBOUND,22
ST090,ST089,INBOUND,22
ST090,ST091,OUTBOUND,22
ST091,ST090,INBOUND,22
ST091,ST092,OUTBOUND,22
ST092,ST091,INBOUND,22
ST092,ST093,OUTBOUND,22
ST093,ST092,INBOUND,22
