service_id,segment_id
S45,SEG001
S45,SEG002
S45,SEG003
S45,SEG004
S45,SEG005
S45,SEG006
S45,SEG007
S45,SEG008
S45,SEG009
S45,SEG010
S45,SEG011
S45,SEG012
S45,SEG013
S45,SEG014
S45,SEG015
S45,SEG016
S45,SEG017
S45,SEG018
S45,SEG019
S45,SEG020
S45,SEG021
S45,SEG022
S45,SEG023
S45,SEG024
S45,SEG025
S45,SEG026
S45,SEG027
S45,SEG028
S45,SEG029
S45,SEG030
S45,SEG031
S45,SEG032
S45,SEG033
S45,SEG034
S45,SEG035
S45,SEG036
S45,SEG037
S45,SEG038
S45,SEG039
S45,SEG040
S45,SEG041
S45,SEG042
S45,SEG043
S45,SEG044
S45,SEG045
S45,SEG046
S57,SEG001
S57,SEG002
S57,SEG047
S57,SEG048
S57,SEG004
S57,SEG005
S57,SEG006
S57,SEG007
S57,SEG008
S57,SEG009
S57,SEG010
S57,SEG011
S57,SEG049
S57,SEG014
S57,SEG015
S57,SEG016
S57,SEG017
S57,SEG018
S57,SEG019
S57,SEG020
S57,SEG021
S57,SEG022
S57,SEG023
S57,SEG024
S57,SEG025
S57,SEG026
S57,SEG027
S57,SEG028
S57,SEG029
S57,SEG030
S57,SEG031
S57,SEG032
S57,SEG033
S57,SEG034
S57,SEG035
S57,SEG036
S57,SEG037
S57,SEG038
S57,SEG039
S57,SEG040
S57,SEG041
S57,SEG042
S57,SEG050
S57,SEG045
S57,SEG046
S33A,SEG051
S33A,SEG052
S33A,SEG053
S33A,SEG054
S33A,SEG055
S33A,SEG056
S33A,SEG057
S33A,SEG058
S33A,SEG059
S33A,SEG060
S33A,SEG061
S33A,SEG062
S33A,SEG063
S33A,SEG064
S33A,SEG065
S33A,SEG066
S33A,SEG067
S33A,SEG068
S33A,SEG069
S33A,SEG070
S33A,SEG071
S33A,SEG072
S33A,SEG073
S33A,SEG074
S33A,SEG075
S33A,SEG076
S33A,SEG077
S33A,SEG078
S33A,SEG079
S33A,SEG080
S33A,SEG081
S33A,SEG082
S33A,SEG083
S48,SEG051
S48,SEG084
S48,SEG085
S48,SEG086
S48,SEG054
S48,SEG055
S48,SEG056
S48,SEG057
S48,SEG058
S48,SEG059
S48,SEG060
S48,SEG087
S48,SEG088
S48,SEG089
S48,SEG090
S48,SEG091
S48,SEG092
S48,SEG093
S48,SEG094
S48,SEG095
S48,SEG096
S48,SEG097
S48,SEG098
S48,SEG099
S48,SEG100
S48,SEG101
S48,SEG102
S48,SEG103
S48,SEG104
