segment_id,route_count,routes
SEG001,2,S45|S57
SEG002,2,S45|S57
SEG004,2,S45|S57
SEG005,2,S45|S57
SEG006,2,S45|S57
SEG007,2,S45|S57
SEG008,2,S45|S57
SEG009,2,S45|S57
SEG010,2,S45|S57
SEG011,2,S45|S57
SEG014,2,S45|S57
SEG015,2,S45|S57
SEG016,2,S45|S57
SEG017,2,S45|S57
SEG018,2,S45|S57
SEG019,2,S45|S57
SEG020,2,S45|S57
SEG021,2,S45|S57
SEG022,2,S45|S57
SEG023,2,S45|S57
SEG024,2,S45|S57
SEG025,2,S45|S57
SEG026,2,S45|S57
SEG027,2,S45|S57
SEG028,2,S45|S57
SEG029,2,S45|S57
SEG030,2,S45|S57
SEG031,2,S45|S57
SEG032,2,S45|S57
SEG033,2,S45|S57
SEG034,2,S45|S57
SEG035,2,S45|S57
SEG036,2,S45|S57
SEG037,2,S45|S57
SEG038,2,S45|S57
SEG039,2,S45|S57
SEG040,2,S45|S57
SEG041,2,S45|S57
SEG042,2,S45|S57
SEG045,2,S45|S57
SEG046,2,S45|S57
SEG051,2,S33A|S48
SEG054,2,S33A|S48
SEG055,2,S33A|S48
SEG056,2,S33A|S48
SEG057,2,S33A|S48
SEG058,2,S33A|S48
SEG059,2,S33A|S48
SEG060,2,S33A|S48
