stop_id,stop_name
ST001,Gandhipuram Town Bus Stand
ST002,Ukkadam
ST003,Prakasam
ST004,Raja Street
ST005,Manikoondu / Town Hall
ST006,Five Corner
ST007,Railway Station
ST008,Collector Office
ST009,D.S.P. Office
ST010,Oriental Insurance
ST011,C.S.I. Immanuel Church
ST012,C.S.I. School
ST013,V.O.C. Park
ST014,Park Gate
ST015,Gandhipuram Town
ST016,G.P. Hospital
ST017,Lakshmipuram
ST018,Tex Tool / Velan Theatre
ST019,Ganapathy
ST020,Surya Hospital
ST021,C.M.S. School
ST022,Athipalayam Junction
ST023,Bharathi Nagar
ST024,Ramakrishna Mill
ST025,L.G.B. Nagar
ST026,Sivanandha Mills
ST027,Anandha Kumar Mills
ST028,S.R.P. Mills
ST029,Amman Kovil
ST030,G.K.S. Nagar
ST031,Kalapatti Pirivu
ST032,Saravanampatti
ST033,Viswasapuram
ST034,Karattumedu
ST035,P.P.G. IT
ST036,S.N.S. College / Valiyampalayam Pirivu
ST037,S.N.S. College
ST038,Sri Village Nagar
ST039,Kurumbapalayam
ST040,Kodia Park
ST041,Info Institute of Engineering
ST042,Kovilpalayam
ST043,S.S. Kulam
ST044,V.J. Nagar
ST045,Kottaipalayam
ST046,C.S.I. Colony
ST047,Agrahara Samakulam
ST048,Thottipalayam
ST049,Vellamadai
ST050,Christ The King Church
ST051,Town Hall
ST052,Karumbukadai
ST053,Athupalam
ST054,Kurichi Pirivu
ST055,Kurichi Pirivu Housing Unit
ST056,Iyer Hospital
ST057,Sundarapuram
ST058,Gandhi Nagar
ST059,L.I.C. Colony
ST060,Sidco
ST061,K.P.M. Matriculation School
ST062,Rathinam College
ST063,Eachanari
ST064,Karpagam University
ST065,Ganesh Nagar
ST066,Malumichampatti Junction
ST067,Malumichampatti
ST068,Hindustan College
ST069,Othakal Mandapam
ST070,Karpagam Medical College & Hospital
ST071,Premier Mills
ST072,Polytechnic College
ST073,Mailrapalayam
ST074,Kinathukadavu Check Post
ST075,Arulmigu Velayutha Swamy Temple
ST076,Kinathukadavu
ST077,Kuniyamuthur High School
ST078,Kuniyamuthur
ST079,Nehru College
ST080,Edayarpalayam Pirivu
ST081,Kuniyamuthur Police Station
ST082,B.K. Pudur
ST083,Kovaipudur Pirivu
ST084,Milekal
ST085,Madukkarai Police Station
ST086,Madukkarai Union Office
ST087,Marappalam
ST088,Chettipalayam Pirivu
ST089,Indian Bank
ST090,Thirumalayampalayam Pirivu
ST091,K.G. Chavadi
ST092,Pichanur
ST093,Vanthavalam